[0m16:04:01.759986 [debug] [MainThread]: Sending event: {'category': 'dbt', 'action': 'invocation', 'label': 'start', 'context': [<snowplow_tracker.self_describing_json.SelfDescribingJson object at 0x11156d6a0>, <snowplow_tracker.self_describing_json.SelfDescribingJson object at 0x11234ca40>, <snowplow_tracker.self_describing_json.SelfDescribingJson object at 0x11234c7a0>]}


============================== 16:04:01.762304 | 8cc62e16-af66-47eb-ad5e-ff2de2fa2031 ==============================
[0m16:04:01.762304 [info ] [MainThread]: Running with dbt=1.11.4
[0m16:04:01.762561 [debug] [MainThread]: running dbt with arguments {'printer_width': '80', 'introspect': 'True', 'profiles_dir': '.', 'invocation_command': 'dbt run --profiles-dir .', 'target_path': 'None', 'log_cache_events': 'False', 'warn_error_options': 'WarnErrorOptionsV2(error=[], warn=[], silence=[])', 'send_anonymous_usage_stats': 'True', 'partial_parse': 'True', 'write_json': 'True', 'warn_error': 'None', 'log_format': 'default', 'indirect_selection': 'eager', 'use_experimental_parser': 'False', 'use_colors': 'True', 'log_path': '/Users/anahiruiz/Documents/GitHub/trafficlens-data-lake/core/dbt_project/logs', 'debug': 'False', 'fail_fast': 'False', 'no_print': 'None', 'empty': 'False', 'static_parser': 'True', 'quiet': 'False', 'version_check': 'True', 'cache_selected_only': 'False'}
[0m16:04:02.738292 [debug] [MainThread]: Sending event: {'category': 'dbt', 'action': 'project_id', 'label': '8cc62e16-af66-47eb-ad5e-ff2de2fa2031', 'context': [<snowplow_tracker.self_describing_json.SelfDescribingJson object at 0x110d570b0>]}
[0m16:04:02.758609 [debug] [MainThread]: Sending event: {'category': 'dbt', 'action': 'adapter_info', 'label': '8cc62e16-af66-47eb-ad5e-ff2de2fa2031', 'context': [<snowplow_tracker.self_describing_json.SelfDescribingJson object at 0x110d570b0>]}
[0m16:04:02.759681 [info ] [MainThread]: Registered adapter: duckdb=1.10.0
[0m16:04:02.795280 [debug] [MainThread]: checksum: 092b177ba87eb6bb3c55954c38aa57900eebac336561eb9ee32218428aa81d43, vars: {}, profile: , target: , version: 1.11.4
[0m16:04:02.795657 [info ] [MainThread]: Unable to do partial parsing because saved manifest not found. Starting full parse.
[0m16:04:02.795831 [debug] [MainThread]: Sending event: {'category': 'dbt', 'action': 'partial_parser', 'label': '8cc62e16-af66-47eb-ad5e-ff2de2fa2031', 'context': [<snowplow_tracker.self_describing_json.SelfDescribingJson object at 0x112782b70>]}
[0m16:04:03.194729 [warn ] [MainThread]: [[33mWARNING[0m]: Configuration paths exist in your dbt_project.yml file which do not apply to any resources.
There are 1 unused configuration paths:
- models.trafficlens_dbt.gold
[0m16:04:03.197935 [debug] [MainThread]: Sending event: {'category': 'dbt', 'action': 'load_project', 'label': '8cc62e16-af66-47eb-ad5e-ff2de2fa2031', 'context': [<snowplow_tracker.self_describing_json.SelfDescribingJson object at 0x1127811c0>]}
[0m16:04:03.220045 [debug] [MainThread]: Wrote artifact WritableManifest to /Users/anahiruiz/Documents/GitHub/trafficlens-data-lake/core/dbt_project/target/manifest.json
[0m16:04:03.220738 [debug] [MainThread]: Wrote artifact SemanticManifest to /Users/anahiruiz/Documents/GitHub/trafficlens-data-lake/core/dbt_project/target/semantic_manifest.json
[0m16:04:03.230082 [debug] [MainThread]: Sending event: {'category': 'dbt', 'action': 'resource_counts', 'label': '8cc62e16-af66-47eb-ad5e-ff2de2fa2031', 'context': [<snowplow_tracker.self_describing_json.SelfDescribingJson object at 0x112d8e900>]}
[0m16:04:03.230273 [info ] [MainThread]: Found 1 model, 1 source, 472 macros
[0m16:04:03.230408 [debug] [MainThread]: Sending event: {'category': 'dbt', 'action': 'runnable_timing', 'label': '8cc62e16-af66-47eb-ad5e-ff2de2fa2031', 'context': [<snowplow_tracker.self_describing_json.SelfDescribingJson object at 0x112d1f440>]}
[0m16:04:03.231003 [info ] [MainThread]: 
[0m16:04:03.231136 [info ] [MainThread]: Concurrency: 1 threads (target='dev')
[0m16:04:03.231296 [info ] [MainThread]: 
[0m16:04:03.231523 [debug] [MainThread]: Acquiring new duckdb connection 'master'
[0m16:04:03.231897 [debug] [ThreadPool]: Acquiring new duckdb connection 'list_trafficlens'
[0m16:04:03.277632 [debug] [ThreadPool]: Using duckdb connection "list_trafficlens"
[0m16:04:03.277833 [debug] [ThreadPool]: On list_trafficlens: /* {"app": "dbt", "dbt_version": "1.11.4", "profile_name": "trafficlens_profile", "target_name": "dev", "connection_name": "list_trafficlens"} */

    
    select schema_name
    from system.information_schema.schemata
    
    where lower(catalog_name) = '"trafficlens"'
    
  
  
[0m16:04:03.277940 [debug] [ThreadPool]: Opening a new connection, currently in state init
[0m16:04:06.823755 [debug] [ThreadPool]: SQL status: OK in 3.546 seconds
[0m16:04:06.824752 [debug] [ThreadPool]: On list_trafficlens: Close
[0m16:04:06.825147 [debug] [ThreadPool]: Re-using an available connection from the pool (formerly list_trafficlens, now create_trafficlens_main)
[0m16:04:06.825373 [debug] [ThreadPool]: Creating schema "database: "trafficlens"
schema: "main"
"
[0m16:04:06.828881 [debug] [ThreadPool]: Using duckdb connection "create_trafficlens_main"
[0m16:04:06.829077 [debug] [ThreadPool]: On create_trafficlens_main: /* {"app": "dbt", "dbt_version": "1.11.4", "profile_name": "trafficlens_profile", "target_name": "dev", "connection_name": "create_trafficlens_main"} */

    
        select type from duckdb_databases()
        where lower(database_name)='trafficlens'
        and type='sqlite'
    
  
[0m16:04:06.829211 [debug] [ThreadPool]: Opening a new connection, currently in state closed
[0m16:04:06.829868 [debug] [ThreadPool]: SQL status: OK in 0.001 seconds
[0m16:04:06.830526 [debug] [ThreadPool]: Using duckdb connection "create_trafficlens_main"
[0m16:04:06.830678 [debug] [ThreadPool]: On create_trafficlens_main: BEGIN
[0m16:04:06.830908 [debug] [ThreadPool]: SQL status: OK in 0.000 seconds
[0m16:04:06.831026 [debug] [ThreadPool]: Using duckdb connection "create_trafficlens_main"
[0m16:04:06.831142 [debug] [ThreadPool]: On create_trafficlens_main: /* {"app": "dbt", "dbt_version": "1.11.4", "profile_name": "trafficlens_profile", "target_name": "dev", "connection_name": "create_trafficlens_main"} */

    
    
        create schema if not exists "trafficlens"."main"
    
[0m16:04:06.831369 [debug] [ThreadPool]: SQL status: OK in 0.000 seconds
[0m16:04:06.831698 [debug] [ThreadPool]: On create_trafficlens_main: COMMIT
[0m16:04:06.831828 [debug] [ThreadPool]: Using duckdb connection "create_trafficlens_main"
[0m16:04:06.831939 [debug] [ThreadPool]: On create_trafficlens_main: COMMIT
[0m16:04:06.832116 [debug] [ThreadPool]: SQL status: OK in 0.000 seconds
[0m16:04:06.832228 [debug] [ThreadPool]: On create_trafficlens_main: Close
[0m16:04:06.832684 [debug] [ThreadPool]: Re-using an available connection from the pool (formerly create_trafficlens_main, now list_trafficlens_main)
[0m16:04:06.835325 [debug] [ThreadPool]: Using duckdb connection "list_trafficlens_main"
[0m16:04:06.835534 [debug] [ThreadPool]: On list_trafficlens_main: BEGIN
[0m16:04:06.835660 [debug] [ThreadPool]: Opening a new connection, currently in state closed
[0m16:04:06.835944 [debug] [ThreadPool]: SQL status: OK in 0.000 seconds
[0m16:04:06.836061 [debug] [ThreadPool]: Using duckdb connection "list_trafficlens_main"
[0m16:04:06.836178 [debug] [ThreadPool]: On list_trafficlens_main: /* {"app": "dbt", "dbt_version": "1.11.4", "profile_name": "trafficlens_profile", "target_name": "dev", "connection_name": "list_trafficlens_main"} */
select
      'trafficlens' as database,
      table_name as name,
      table_schema as schema,
      CASE table_type
        WHEN 'BASE TABLE' THEN 'table'
        WHEN 'VIEW' THEN 'view'
        WHEN 'LOCAL TEMPORARY' THEN 'table'
        END as type
    from system.information_schema.tables
    where lower(table_schema) = 'main'
    and lower(table_catalog) = 'trafficlens'
  
[0m16:04:06.841819 [debug] [ThreadPool]: SQL status: OK in 0.006 seconds
[0m16:04:06.842333 [debug] [ThreadPool]: On list_trafficlens_main: ROLLBACK
[0m16:04:06.843264 [debug] [ThreadPool]: Failed to rollback 'list_trafficlens_main'
[0m16:04:06.843438 [debug] [ThreadPool]: On list_trafficlens_main: Close
[0m16:04:06.843709 [debug] [MainThread]: Sending event: {'category': 'dbt', 'action': 'runnable_timing', 'label': '8cc62e16-af66-47eb-ad5e-ff2de2fa2031', 'context': [<snowplow_tracker.self_describing_json.SelfDescribingJson object at 0x1126ece60>]}
[0m16:04:06.843954 [debug] [MainThread]: Using duckdb connection "master"
[0m16:04:06.844082 [debug] [MainThread]: On master: BEGIN
[0m16:04:06.844193 [debug] [MainThread]: Opening a new connection, currently in state init
[0m16:04:06.844469 [debug] [MainThread]: SQL status: OK in 0.000 seconds
[0m16:04:06.844587 [debug] [MainThread]: On master: COMMIT
[0m16:04:06.844700 [debug] [MainThread]: Using duckdb connection "master"
[0m16:04:06.844806 [debug] [MainThread]: On master: COMMIT
[0m16:04:06.844975 [debug] [MainThread]: SQL status: OK in 0.000 seconds
[0m16:04:06.845080 [debug] [MainThread]: On master: Close
[0m16:04:06.846832 [debug] [Thread-1 (]: Began running node model.trafficlens_dbt.stg_telemetry
[0m16:04:06.847089 [info ] [Thread-1 (]: 1 of 1 START sql table model main.stg_telemetry ................................ [RUN]
[0m16:04:06.847294 [debug] [Thread-1 (]: Re-using an available connection from the pool (formerly list_trafficlens_main, now model.trafficlens_dbt.stg_telemetry)
[0m16:04:06.847434 [debug] [Thread-1 (]: Began compiling node model.trafficlens_dbt.stg_telemetry
[0m16:04:06.850605 [debug] [Thread-1 (]: Writing injected SQL for node "model.trafficlens_dbt.stg_telemetry"
[0m16:04:06.851103 [debug] [Thread-1 (]: Began executing node model.trafficlens_dbt.stg_telemetry
[0m16:04:06.865368 [debug] [Thread-1 (]: Writing runtime sql for node "model.trafficlens_dbt.stg_telemetry"
[0m16:04:06.865966 [debug] [Thread-1 (]: Using duckdb connection "model.trafficlens_dbt.stg_telemetry"
[0m16:04:06.866110 [debug] [Thread-1 (]: On model.trafficlens_dbt.stg_telemetry: BEGIN
[0m16:04:06.866232 [debug] [Thread-1 (]: Opening a new connection, currently in state closed
[0m16:04:06.866536 [debug] [Thread-1 (]: SQL status: OK in 0.000 seconds
[0m16:04:06.866659 [debug] [Thread-1 (]: Using duckdb connection "model.trafficlens_dbt.stg_telemetry"
[0m16:04:06.866795 [debug] [Thread-1 (]: On model.trafficlens_dbt.stg_telemetry: /* {"app": "dbt", "dbt_version": "1.11.4", "profile_name": "trafficlens_profile", "target_name": "dev", "node_id": "model.trafficlens_dbt.stg_telemetry"} */

  
    
    

    create  table
      "trafficlens"."main"."stg_telemetry__dbt_tmp"
  
    as (
      /*
    Silver Layer: Cleaned Telemetry
    - cast timestamps
    - remove null coordinates
    - add partitions (virtual)
*/

WITH source_data AS (
    SELECT * FROM read_csv_auto('../../../datalake/bronze/telemetry/*.csv')
),

cleaned AS (
    SELECT
        -- Parse Timestamp (handling possible formats if CSV varies, but we assume ISO from viofo_ocr.py)
        TRY_CAST(timestamp AS TIMESTAMP) as event_time,
        
        -- Geolocation
        CAST(latitude AS DOUBLE) as latitude,
        CAST(longitude AS DOUBLE) as longitude,
        
        -- Speed
        CAST(speed_kmh AS DOUBLE) as speed_kmh,
        
        -- Metadata
        raw_text,
        frame_filename,
        
        -- Derived columns
        filename as source_file
        
    FROM source_data
    WHERE latitude IS NOT NULL 
      AND longitude IS NOT NULL
)

SELECT * FROM cleaned
    );
  
  
[0m16:04:06.867819 [debug] [Thread-1 (]: DuckDB adapter: Error running SQL: /* {"app": "dbt", "dbt_version": "1.11.4", "profile_name": "trafficlens_profile", "target_name": "dev", "node_id": "model.trafficlens_dbt.stg_telemetry"} */

  
    
    

    create  table
      "trafficlens"."main"."stg_telemetry__dbt_tmp"
  
    as (
      /*
    Silver Layer: Cleaned Telemetry
    - cast timestamps
    - remove null coordinates
    - add partitions (virtual)
*/

WITH source_data AS (
    SELECT * FROM read_csv_auto('../../../datalake/bronze/telemetry/*.csv')
),

cleaned AS (
    SELECT
        -- Parse Timestamp (handling possible formats if CSV varies, but we assume ISO from viofo_ocr.py)
        TRY_CAST(timestamp AS TIMESTAMP) as event_time,
        
        -- Geolocation
        CAST(latitude AS DOUBLE) as latitude,
        CAST(longitude AS DOUBLE) as longitude,
        
        -- Speed
        CAST(speed_kmh AS DOUBLE) as speed_kmh,
        
        -- Metadata
        raw_text,
        frame_filename,
        
        -- Derived columns
        filename as source_file
        
    FROM source_data
    WHERE latitude IS NOT NULL 
      AND longitude IS NOT NULL
)

SELECT * FROM cleaned
    );
  
  
[0m16:04:06.868030 [debug] [Thread-1 (]: DuckDB adapter: Rolling back transaction.
[0m16:04:06.868234 [debug] [Thread-1 (]: On model.trafficlens_dbt.stg_telemetry: ROLLBACK
[0m16:04:06.870509 [debug] [Thread-1 (]: Failed to rollback 'model.trafficlens_dbt.stg_telemetry'
[0m16:04:06.870647 [debug] [Thread-1 (]: On model.trafficlens_dbt.stg_telemetry: Close
[0m16:04:06.871508 [debug] [Thread-1 (]: Runtime Error in model stg_telemetry (models/silver/stg_telemetry.sql)
  IO Error: No files found that match the pattern "../../../datalake/bronze/telemetry/*.csv"
  
  LINE 19:     SELECT * FROM read_csv_auto('../../../datalake/bronze/telemetry/*.csv')
                             ^
[0m16:04:06.872339 [debug] [Thread-1 (]: Sending event: {'category': 'dbt', 'action': 'run_model', 'label': '8cc62e16-af66-47eb-ad5e-ff2de2fa2031', 'context': [<snowplow_tracker.self_describing_json.SelfDescribingJson object at 0x1127dd760>]}
[0m16:04:06.872581 [error] [Thread-1 (]: 1 of 1 ERROR creating sql table model main.stg_telemetry ....................... [[31mERROR[0m in 0.02s]
[0m16:04:06.872797 [debug] [Thread-1 (]: Finished running node model.trafficlens_dbt.stg_telemetry
[0m16:04:06.873005 [debug] [Thread-4 (]: Marking all children of 'model.trafficlens_dbt.stg_telemetry' to be skipped because of status 'error'.  Reason: Runtime Error in model stg_telemetry (models/silver/stg_telemetry.sql)
  IO Error: No files found that match the pattern "../../../datalake/bronze/telemetry/*.csv"
  
  LINE 19:     SELECT * FROM read_csv_auto('../../../datalake/bronze/telemetry/*.csv')
                             ^.
[0m16:04:06.873707 [debug] [MainThread]: Using duckdb connection "master"
[0m16:04:06.873820 [debug] [MainThread]: On master: BEGIN
[0m16:04:06.873918 [debug] [MainThread]: Opening a new connection, currently in state closed
[0m16:04:06.874156 [debug] [MainThread]: SQL status: OK in 0.000 seconds
[0m16:04:06.874258 [debug] [MainThread]: On master: COMMIT
[0m16:04:06.874356 [debug] [MainThread]: Using duckdb connection "master"
[0m16:04:06.874454 [debug] [MainThread]: On master: COMMIT
[0m16:04:06.874611 [debug] [MainThread]: SQL status: OK in 0.000 seconds
[0m16:04:06.874708 [debug] [MainThread]: On master: Close
[0m16:04:06.874837 [debug] [MainThread]: Connection 'master' was properly closed.
[0m16:04:06.874936 [debug] [MainThread]: Connection 'model.trafficlens_dbt.stg_telemetry' was properly closed.
[0m16:04:06.875046 [info ] [MainThread]: 
[0m16:04:06.875161 [info ] [MainThread]: Finished running 1 table model in 0 hours 0 minutes and 3.64 seconds (3.64s).
[0m16:04:06.875418 [debug] [MainThread]: Command end result
[0m16:04:06.883306 [debug] [MainThread]: Wrote artifact WritableManifest to /Users/anahiruiz/Documents/GitHub/trafficlens-data-lake/core/dbt_project/target/manifest.json
[0m16:04:06.884067 [debug] [MainThread]: Wrote artifact SemanticManifest to /Users/anahiruiz/Documents/GitHub/trafficlens-data-lake/core/dbt_project/target/semantic_manifest.json
[0m16:04:06.886251 [debug] [MainThread]: Wrote artifact RunExecutionResult to /Users/anahiruiz/Documents/GitHub/trafficlens-data-lake/core/dbt_project/target/run_results.json
[0m16:04:06.886402 [info ] [MainThread]: 
[0m16:04:06.886550 [info ] [MainThread]: [31mCompleted with 1 error, 0 partial successes, and 0 warnings:[0m
[0m16:04:06.886659 [info ] [MainThread]: 
[0m16:04:06.886785 [error] [MainThread]: [31mFailure in model stg_telemetry (models/silver/stg_telemetry.sql)[0m
[0m16:04:06.886909 [error] [MainThread]:   Runtime Error in model stg_telemetry (models/silver/stg_telemetry.sql)
  IO Error: No files found that match the pattern "../../../datalake/bronze/telemetry/*.csv"
  
  LINE 19:     SELECT * FROM read_csv_auto('../../../datalake/bronze/telemetry/*.csv')
                             ^
[0m16:04:06.887001 [info ] [MainThread]: 
[0m16:04:06.887105 [info ] [MainThread]:   compiled code at target/compiled/trafficlens_dbt/models/silver/stg_telemetry.sql
[0m16:04:06.887195 [info ] [MainThread]: 
[0m16:04:06.887297 [info ] [MainThread]: Done. PASS=0 WARN=0 ERROR=1 SKIP=0 NO-OP=0 TOTAL=1
[0m16:04:07.077095 [debug] [MainThread]: Resource report: {"command_name": "run", "command_success": false, "command_wall_clock_time": 5.344783, "process_in_blocks": "0", "process_kernel_time": 0.194399, "process_mem_max_rss": "198541312", "process_out_blocks": "0", "process_user_time": 1.202914}
[0m16:04:07.077533 [debug] [MainThread]: Command `dbt run` failed at 16:04:07.077465 after 5.35 seconds
[0m16:04:07.077817 [debug] [MainThread]: Sending event: {'category': 'dbt', 'action': 'invocation', 'label': 'end', 'context': [<snowplow_tracker.self_describing_json.SelfDescribingJson object at 0x111caf3e0>, <snowplow_tracker.self_describing_json.SelfDescribingJson object at 0x110d970e0>, <snowplow_tracker.self_describing_json.SelfDescribingJson object at 0x11156d6a0>]}
[0m16:04:07.078054 [debug] [MainThread]: Flushing usage events
[0m16:04:07.574175 [debug] [MainThread]: An error was encountered while trying to flush usage events
[0m16:06:28.988716 [debug] [MainThread]: Sending event: {'category': 'dbt', 'action': 'invocation', 'label': 'start', 'context': [<snowplow_tracker.self_describing_json.SelfDescribingJson object at 0x11100f3b0>, <snowplow_tracker.self_describing_json.SelfDescribingJson object at 0x111ba8560>, <snowplow_tracker.self_describing_json.SelfDescribingJson object at 0x111d4c7d0>]}


============================== 16:06:28.991186 | b0eaac77-dffd-4923-812a-d2eda3aee008 ==============================
[0m16:06:28.991186 [info ] [MainThread]: Running with dbt=1.11.4
[0m16:06:28.991727 [debug] [MainThread]: running dbt with arguments {'use_colors': 'True', 'empty': 'False', 'static_parser': 'True', 'write_json': 'True', 'target_path': 'None', 'printer_width': '80', 'no_print': 'None', 'introspect': 'True', 'use_experimental_parser': 'False', 'invocation_command': 'dbt run --profiles-dir .', 'fail_fast': 'False', 'quiet': 'False', 'indirect_selection': 'eager', 'partial_parse': 'True', 'send_anonymous_usage_stats': 'True', 'log_path': '/Users/anahiruiz/Documents/GitHub/trafficlens-data-lake/core/dbt_project/logs', 'version_check': 'True', 'warn_error_options': 'WarnErrorOptionsV2(error=[], warn=[], silence=[])', 'log_format': 'default', 'profiles_dir': '.', 'cache_selected_only': 'False', 'log_cache_events': 'False', 'debug': 'False', 'warn_error': 'None'}
[0m16:06:29.138052 [debug] [MainThread]: Sending event: {'category': 'dbt', 'action': 'project_id', 'label': 'b0eaac77-dffd-4923-812a-d2eda3aee008', 'context': [<snowplow_tracker.self_describing_json.SelfDescribingJson object at 0x112121c70>]}
[0m16:06:29.160437 [debug] [MainThread]: Sending event: {'category': 'dbt', 'action': 'adapter_info', 'label': 'b0eaac77-dffd-4923-812a-d2eda3aee008', 'context': [<snowplow_tracker.self_describing_json.SelfDescribingJson object at 0x111cf83e0>]}
[0m16:06:29.162178 [info ] [MainThread]: Registered adapter: duckdb=1.10.0
[0m16:06:29.200960 [debug] [MainThread]: checksum: 092b177ba87eb6bb3c55954c38aa57900eebac336561eb9ee32218428aa81d43, vars: {}, profile: , target: , version: 1.11.4
[0m16:06:29.252970 [debug] [MainThread]: Partial parsing enabled: 0 files deleted, 0 files added, 1 files changed.
[0m16:06:29.253305 [debug] [MainThread]: Partial parsing: updated file: trafficlens_dbt://models/silver/stg_telemetry.sql
[0m16:06:29.341390 [warn ] [MainThread]: [[33mWARNING[0m]: Configuration paths exist in your dbt_project.yml file which do not apply to any resources.
There are 1 unused configuration paths:
- models.trafficlens_dbt.gold
[0m16:06:29.346303 [debug] [MainThread]: Sending event: {'category': 'dbt', 'action': 'load_project', 'label': 'b0eaac77-dffd-4923-812a-d2eda3aee008', 'context': [<snowplow_tracker.self_describing_json.SelfDescribingJson object at 0x1126495e0>]}
[0m16:06:29.370994 [debug] [MainThread]: Wrote artifact WritableManifest to /Users/anahiruiz/Documents/GitHub/trafficlens-data-lake/core/dbt_project/target/manifest.json
[0m16:06:29.372024 [debug] [MainThread]: Wrote artifact SemanticManifest to /Users/anahiruiz/Documents/GitHub/trafficlens-data-lake/core/dbt_project/target/semantic_manifest.json
[0m16:06:29.381284 [debug] [MainThread]: Sending event: {'category': 'dbt', 'action': 'resource_counts', 'label': 'b0eaac77-dffd-4923-812a-d2eda3aee008', 'context': [<snowplow_tracker.self_describing_json.SelfDescribingJson object at 0x112761fd0>]}
[0m16:06:29.381502 [info ] [MainThread]: Found 1 model, 1 source, 472 macros
[0m16:06:29.381636 [debug] [MainThread]: Sending event: {'category': 'dbt', 'action': 'runnable_timing', 'label': 'b0eaac77-dffd-4923-812a-d2eda3aee008', 'context': [<snowplow_tracker.self_describing_json.SelfDescribingJson object at 0x112529760>]}
[0m16:06:29.382249 [info ] [MainThread]: 
[0m16:06:29.382385 [info ] [MainThread]: Concurrency: 1 threads (target='dev')
[0m16:06:29.382487 [info ] [MainThread]: 
[0m16:06:29.382682 [debug] [MainThread]: Acquiring new duckdb connection 'master'
[0m16:06:29.383170 [debug] [ThreadPool]: Acquiring new duckdb connection 'list_trafficlens'
[0m16:06:29.407482 [debug] [ThreadPool]: Using duckdb connection "list_trafficlens"
[0m16:06:29.407670 [debug] [ThreadPool]: On list_trafficlens: /* {"app": "dbt", "dbt_version": "1.11.4", "profile_name": "trafficlens_profile", "target_name": "dev", "connection_name": "list_trafficlens"} */

    
    select schema_name
    from system.information_schema.schemata
    
    where lower(catalog_name) = '"trafficlens"'
    
  
  
[0m16:06:29.407785 [debug] [ThreadPool]: Opening a new connection, currently in state init
[0m16:06:29.420458 [debug] [ThreadPool]: SQL status: OK in 0.013 seconds
[0m16:06:29.421042 [debug] [ThreadPool]: On list_trafficlens: Close
[0m16:06:29.421302 [debug] [ThreadPool]: Re-using an available connection from the pool (formerly list_trafficlens, now create_trafficlens_main)
[0m16:06:29.421457 [debug] [ThreadPool]: Creating schema "database: "trafficlens"
schema: "main"
"
[0m16:06:29.423859 [debug] [ThreadPool]: Using duckdb connection "create_trafficlens_main"
[0m16:06:29.423975 [debug] [ThreadPool]: On create_trafficlens_main: /* {"app": "dbt", "dbt_version": "1.11.4", "profile_name": "trafficlens_profile", "target_name": "dev", "connection_name": "create_trafficlens_main"} */

    
        select type from duckdb_databases()
        where lower(database_name)='trafficlens'
        and type='sqlite'
    
  
[0m16:06:29.424068 [debug] [ThreadPool]: Opening a new connection, currently in state closed
[0m16:06:29.424454 [debug] [ThreadPool]: SQL status: OK in 0.000 seconds
[0m16:06:29.425235 [debug] [ThreadPool]: Using duckdb connection "create_trafficlens_main"
[0m16:06:29.425372 [debug] [ThreadPool]: On create_trafficlens_main: BEGIN
[0m16:06:29.425575 [debug] [ThreadPool]: SQL status: OK in 0.000 seconds
[0m16:06:29.425672 [debug] [ThreadPool]: Using duckdb connection "create_trafficlens_main"
[0m16:06:29.425768 [debug] [ThreadPool]: On create_trafficlens_main: /* {"app": "dbt", "dbt_version": "1.11.4", "profile_name": "trafficlens_profile", "target_name": "dev", "connection_name": "create_trafficlens_main"} */

    
    
        create schema if not exists "trafficlens"."main"
    
[0m16:06:29.425964 [debug] [ThreadPool]: SQL status: OK in 0.000 seconds
[0m16:06:29.426265 [debug] [ThreadPool]: On create_trafficlens_main: COMMIT
[0m16:06:29.426377 [debug] [ThreadPool]: Using duckdb connection "create_trafficlens_main"
[0m16:06:29.426462 [debug] [ThreadPool]: On create_trafficlens_main: COMMIT
[0m16:06:29.426614 [debug] [ThreadPool]: SQL status: OK in 0.000 seconds
[0m16:06:29.426718 [debug] [ThreadPool]: On create_trafficlens_main: Close
[0m16:06:29.427124 [debug] [ThreadPool]: Re-using an available connection from the pool (formerly create_trafficlens_main, now list_trafficlens_main)
[0m16:06:29.429208 [debug] [ThreadPool]: Using duckdb connection "list_trafficlens_main"
[0m16:06:29.429327 [debug] [ThreadPool]: On list_trafficlens_main: BEGIN
[0m16:06:29.429419 [debug] [ThreadPool]: Opening a new connection, currently in state closed
[0m16:06:29.429599 [debug] [ThreadPool]: SQL status: OK in 0.000 seconds
[0m16:06:29.429696 [debug] [ThreadPool]: Using duckdb connection "list_trafficlens_main"
[0m16:06:29.429798 [debug] [ThreadPool]: On list_trafficlens_main: /* {"app": "dbt", "dbt_version": "1.11.4", "profile_name": "trafficlens_profile", "target_name": "dev", "connection_name": "list_trafficlens_main"} */
select
      'trafficlens' as database,
      table_name as name,
      table_schema as schema,
      CASE table_type
        WHEN 'BASE TABLE' THEN 'table'
        WHEN 'VIEW' THEN 'view'
        WHEN 'LOCAL TEMPORARY' THEN 'table'
        END as type
    from system.information_schema.tables
    where lower(table_schema) = 'main'
    and lower(table_catalog) = 'trafficlens'
  
[0m16:06:29.436386 [debug] [ThreadPool]: SQL status: OK in 0.006 seconds
[0m16:06:29.437122 [debug] [ThreadPool]: On list_trafficlens_main: ROLLBACK
[0m16:06:29.437891 [debug] [ThreadPool]: Failed to rollback 'list_trafficlens_main'
[0m16:06:29.437998 [debug] [ThreadPool]: On list_trafficlens_main: Close
[0m16:06:29.438222 [debug] [MainThread]: Sending event: {'category': 'dbt', 'action': 'runnable_timing', 'label': 'b0eaac77-dffd-4923-812a-d2eda3aee008', 'context': [<snowplow_tracker.self_describing_json.SelfDescribingJson object at 0x11270be90>]}
[0m16:06:29.438421 [debug] [MainThread]: Using duckdb connection "master"
[0m16:06:29.438530 [debug] [MainThread]: On master: BEGIN
[0m16:06:29.438625 [debug] [MainThread]: Opening a new connection, currently in state init
[0m16:06:29.438962 [debug] [MainThread]: SQL status: OK in 0.000 seconds
[0m16:06:29.439153 [debug] [MainThread]: On master: COMMIT
[0m16:06:29.439264 [debug] [MainThread]: Using duckdb connection "master"
[0m16:06:29.439356 [debug] [MainThread]: On master: COMMIT
[0m16:06:29.439538 [debug] [MainThread]: SQL status: OK in 0.000 seconds
[0m16:06:29.439634 [debug] [MainThread]: On master: Close
[0m16:06:29.440982 [debug] [Thread-1 (]: Began running node model.trafficlens_dbt.stg_telemetry
[0m16:06:29.441215 [info ] [Thread-1 (]: 1 of 1 START sql external model main.stg_telemetry ............................. [RUN]
[0m16:06:29.441653 [debug] [Thread-1 (]: Re-using an available connection from the pool (formerly list_trafficlens_main, now model.trafficlens_dbt.stg_telemetry)
[0m16:06:29.441793 [debug] [Thread-1 (]: Began compiling node model.trafficlens_dbt.stg_telemetry
[0m16:06:29.444907 [debug] [Thread-1 (]: Writing injected SQL for node "model.trafficlens_dbt.stg_telemetry"
[0m16:06:29.445293 [debug] [Thread-1 (]: Began executing node model.trafficlens_dbt.stg_telemetry
[0m16:06:29.469495 [debug] [Thread-1 (]: Using duckdb connection "model.trafficlens_dbt.stg_telemetry"
[0m16:06:29.469691 [debug] [Thread-1 (]: On model.trafficlens_dbt.stg_telemetry: BEGIN
[0m16:06:29.469804 [debug] [Thread-1 (]: Opening a new connection, currently in state closed
[0m16:06:29.470095 [debug] [Thread-1 (]: SQL status: OK in 0.000 seconds
[0m16:06:29.470201 [debug] [Thread-1 (]: Using duckdb connection "model.trafficlens_dbt.stg_telemetry"
[0m16:06:29.470317 [debug] [Thread-1 (]: On model.trafficlens_dbt.stg_telemetry: /* {"app": "dbt", "dbt_version": "1.11.4", "profile_name": "trafficlens_profile", "target_name": "dev", "node_id": "model.trafficlens_dbt.stg_telemetry"} */

  
    
    

    create  table
      "trafficlens"."main"."stg_telemetry__dbt_tmp"
  
    as (
      Silver Layer: Cleaned Telemetry
    - cast timestamps
    - remove null coordinates
    - add partitions (virtual)
*/



WITH source_data AS (
    SELECT * FROM read_csv_auto('../../../datalake/bronze/telemetry/*.csv')
),

cleaned AS (
    SELECT
        -- Parse Timestamp (handling possible formats if CSV varies, but we assume ISO from viofo_ocr.py)
        TRY_CAST(timestamp AS TIMESTAMP) as event_time,
        
        -- Geolocation
        CAST(latitude AS DOUBLE) as latitude,
        CAST(longitude AS DOUBLE) as longitude,
        
        -- Speed
        CAST(speed_kmh AS DOUBLE) as speed_kmh,
        
        -- Metadata
        raw_text,
        frame_filename,
        
        -- Derived columns
        filename as source_file
        
    FROM source_data
    WHERE latitude IS NOT NULL 
      AND longitude IS NOT NULL
)

SELECT * FROM cleaned
    );
  
  
[0m16:06:29.474097 [debug] [Thread-1 (]: DuckDB adapter: Error running SQL: /* {"app": "dbt", "dbt_version": "1.11.4", "profile_name": "trafficlens_profile", "target_name": "dev", "node_id": "model.trafficlens_dbt.stg_telemetry"} */

  
    
    

    create  table
      "trafficlens"."main"."stg_telemetry__dbt_tmp"
  
    as (
      Silver Layer: Cleaned Telemetry
    - cast timestamps
    - remove null coordinates
    - add partitions (virtual)
*/



WITH source_data AS (
    SELECT * FROM read_csv_auto('../../../datalake/bronze/telemetry/*.csv')
),

cleaned AS (
    SELECT
        -- Parse Timestamp (handling possible formats if CSV varies, but we assume ISO from viofo_ocr.py)
        TRY_CAST(timestamp AS TIMESTAMP) as event_time,
        
        -- Geolocation
        CAST(latitude AS DOUBLE) as latitude,
        CAST(longitude AS DOUBLE) as longitude,
        
        -- Speed
        CAST(speed_kmh AS DOUBLE) as speed_kmh,
        
        -- Metadata
        raw_text,
        frame_filename,
        
        -- Derived columns
        filename as source_file
        
    FROM source_data
    WHERE latitude IS NOT NULL 
      AND longitude IS NOT NULL
)

SELECT * FROM cleaned
    );
  
  
[0m16:06:29.474261 [debug] [Thread-1 (]: DuckDB adapter: Rolling back transaction.
[0m16:06:29.474431 [debug] [Thread-1 (]: On model.trafficlens_dbt.stg_telemetry: ROLLBACK
[0m16:06:29.478339 [debug] [Thread-1 (]: Failed to rollback 'model.trafficlens_dbt.stg_telemetry'
[0m16:06:29.478511 [debug] [Thread-1 (]: On model.trafficlens_dbt.stg_telemetry: Close
[0m16:06:29.479352 [debug] [Thread-1 (]: Runtime Error in model stg_telemetry (models/silver/stg_telemetry.sql)
  Parser Error: syntax error at or near "Silver"
  
  LINE 11:       Silver Layer: Cleaned Telemetry
                 ^
[0m16:06:29.480147 [debug] [Thread-1 (]: Sending event: {'category': 'dbt', 'action': 'run_model', 'label': 'b0eaac77-dffd-4923-812a-d2eda3aee008', 'context': [<snowplow_tracker.self_describing_json.SelfDescribingJson object at 0x110f83e00>]}
[0m16:06:29.480386 [error] [Thread-1 (]: 1 of 1 ERROR creating sql external model main.stg_telemetry .................... [[31mERROR[0m in 0.04s]
[0m16:06:29.480602 [debug] [Thread-1 (]: Finished running node model.trafficlens_dbt.stg_telemetry
[0m16:06:29.480798 [debug] [Thread-4 (]: Marking all children of 'model.trafficlens_dbt.stg_telemetry' to be skipped because of status 'error'.  Reason: Runtime Error in model stg_telemetry (models/silver/stg_telemetry.sql)
  Parser Error: syntax error at or near "Silver"
  
  LINE 11:       Silver Layer: Cleaned Telemetry
                 ^.
[0m16:06:29.481516 [debug] [MainThread]: Using duckdb connection "master"
[0m16:06:29.481636 [debug] [MainThread]: On master: BEGIN
[0m16:06:29.481736 [debug] [MainThread]: Opening a new connection, currently in state closed
[0m16:06:29.481959 [debug] [MainThread]: SQL status: OK in 0.000 seconds
[0m16:06:29.482059 [debug] [MainThread]: On master: COMMIT
[0m16:06:29.482157 [debug] [MainThread]: Using duckdb connection "master"
[0m16:06:29.482251 [debug] [MainThread]: On master: COMMIT
[0m16:06:29.482412 [debug] [MainThread]: SQL status: OK in 0.000 seconds
[0m16:06:29.482509 [debug] [MainThread]: On master: Close
[0m16:06:29.482634 [debug] [MainThread]: Connection 'master' was properly closed.
[0m16:06:29.482743 [debug] [MainThread]: Connection 'model.trafficlens_dbt.stg_telemetry' was properly closed.
[0m16:06:29.482863 [info ] [MainThread]: 
[0m16:06:29.483209 [info ] [MainThread]: Finished running 1 external model in 0 hours 0 minutes and 0.10 seconds (0.10s).
[0m16:06:29.483515 [debug] [MainThread]: Command end result
[0m16:06:29.517872 [debug] [MainThread]: Wrote artifact WritableManifest to /Users/anahiruiz/Documents/GitHub/trafficlens-data-lake/core/dbt_project/target/manifest.json
[0m16:06:29.518566 [debug] [MainThread]: Wrote artifact SemanticManifest to /Users/anahiruiz/Documents/GitHub/trafficlens-data-lake/core/dbt_project/target/semantic_manifest.json
[0m16:06:29.520551 [debug] [MainThread]: Wrote artifact RunExecutionResult to /Users/anahiruiz/Documents/GitHub/trafficlens-data-lake/core/dbt_project/target/run_results.json
[0m16:06:29.520665 [info ] [MainThread]: 
[0m16:06:29.520813 [info ] [MainThread]: [31mCompleted with 1 error, 0 partial successes, and 0 warnings:[0m
[0m16:06:29.520930 [info ] [MainThread]: 
[0m16:06:29.521067 [error] [MainThread]: [31mFailure in model stg_telemetry (models/silver/stg_telemetry.sql)[0m
[0m16:06:29.521192 [error] [MainThread]:   Runtime Error in model stg_telemetry (models/silver/stg_telemetry.sql)
  Parser Error: syntax error at or near "Silver"
  
  LINE 11:       Silver Layer: Cleaned Telemetry
                 ^
[0m16:06:29.521293 [info ] [MainThread]: 
[0m16:06:29.521408 [info ] [MainThread]:   compiled code at target/compiled/trafficlens_dbt/models/silver/stg_telemetry.sql
[0m16:06:29.521503 [info ] [MainThread]: 
[0m16:06:29.521616 [info ] [MainThread]: Done. PASS=0 WARN=0 ERROR=1 SKIP=0 NO-OP=0 TOTAL=1
[0m16:06:29.523173 [debug] [MainThread]: Resource report: {"command_name": "run", "command_success": false, "command_wall_clock_time": 0.5639172, "process_in_blocks": "0", "process_kernel_time": 0.198639, "process_mem_max_rss": "160776192", "process_out_blocks": "0", "process_user_time": 0.912917}
[0m16:06:29.523330 [debug] [MainThread]: Command `dbt run` failed at 16:06:29.523301 after 0.56 seconds
[0m16:06:29.523460 [debug] [MainThread]: Sending event: {'category': 'dbt', 'action': 'invocation', 'label': 'end', 'context': [<snowplow_tracker.self_describing_json.SelfDescribingJson object at 0x110697170>, <snowplow_tracker.self_describing_json.SelfDescribingJson object at 0x112e2ad80>, <snowplow_tracker.self_describing_json.SelfDescribingJson object at 0x112e2ade0>]}
[0m16:06:29.523581 [debug] [MainThread]: Flushing usage events
[0m16:06:33.166236 [debug] [MainThread]: An error was encountered while trying to flush usage events
[0m16:08:23.992876 [debug] [MainThread]: Sending event: {'category': 'dbt', 'action': 'invocation', 'label': 'start', 'context': [<snowplow_tracker.self_describing_json.SelfDescribingJson object at 0x10429f230>, <snowplow_tracker.self_describing_json.SelfDescribingJson object at 0x1077cbd90>, <snowplow_tracker.self_describing_json.SelfDescribingJson object at 0x1077cbed0>]}


============================== 16:08:23.994830 | c3689416-12cb-49e3-b9ee-c3c109344832 ==============================
[0m16:08:23.994830 [info ] [MainThread]: Running with dbt=1.11.4
[0m16:08:23.995093 [debug] [MainThread]: running dbt with arguments {'version_check': 'True', 'warn_error_options': 'WarnErrorOptionsV2(error=[], warn=[], silence=[])', 'use_experimental_parser': 'False', 'warn_error': 'None', 'partial_parse': 'True', 'target_path': 'None', 'use_colors': 'True', 'fail_fast': 'False', 'invocation_command': 'dbt run --profiles-dir .', 'static_parser': 'True', 'write_json': 'True', 'send_anonymous_usage_stats': 'True', 'log_path': '/Users/anahiruiz/Documents/GitHub/trafficlens-data-lake/core/dbt_project/logs', 'debug': 'False', 'no_print': 'None', 'log_format': 'default', 'profiles_dir': '.', 'introspect': 'True', 'log_cache_events': 'False', 'cache_selected_only': 'False', 'quiet': 'False', 'indirect_selection': 'eager', 'empty': 'False', 'printer_width': '80'}
[0m16:08:24.531164 [debug] [MainThread]: Sending event: {'category': 'dbt', 'action': 'project_id', 'label': 'c3689416-12cb-49e3-b9ee-c3c109344832', 'context': [<snowplow_tracker.self_describing_json.SelfDescribingJson object at 0x104cc76f0>]}
[0m16:08:24.551095 [debug] [MainThread]: Sending event: {'category': 'dbt', 'action': 'adapter_info', 'label': 'c3689416-12cb-49e3-b9ee-c3c109344832', 'context': [<snowplow_tracker.self_describing_json.SelfDescribingJson object at 0x1078fe140>]}
[0m16:08:24.551818 [info ] [MainThread]: Registered adapter: duckdb=1.10.0
[0m16:08:24.803984 [debug] [MainThread]: checksum: 092b177ba87eb6bb3c55954c38aa57900eebac336561eb9ee32218428aa81d43, vars: {}, profile: , target: , version: 1.11.4
[0m16:08:24.841626 [debug] [MainThread]: Partial parsing enabled: 0 files deleted, 0 files added, 0 files changed.
[0m16:08:24.841788 [debug] [MainThread]: Nothing changed, skipping partial parsing.
[0m16:08:24.841887 [debug] [MainThread]: Partial parsing enabled, no changes found, skipping parsing
[0m16:08:24.844000 [warn ] [MainThread]: [[33mWARNING[0m]: Configuration paths exist in your dbt_project.yml file which do not apply to any resources.
There are 1 unused configuration paths:
- models.trafficlens_dbt.gold
[0m16:08:24.853999 [debug] [MainThread]: Sending event: {'category': 'dbt', 'action': 'load_project', 'label': 'c3689416-12cb-49e3-b9ee-c3c109344832', 'context': [<snowplow_tracker.self_describing_json.SelfDescribingJson object at 0x1078da750>]}
[0m16:08:24.876967 [debug] [MainThread]: Wrote artifact WritableManifest to /Users/anahiruiz/Documents/GitHub/trafficlens-data-lake/core/dbt_project/target/manifest.json
[0m16:08:24.877847 [debug] [MainThread]: Wrote artifact SemanticManifest to /Users/anahiruiz/Documents/GitHub/trafficlens-data-lake/core/dbt_project/target/semantic_manifest.json
[0m16:08:24.883402 [debug] [MainThread]: Sending event: {'category': 'dbt', 'action': 'resource_counts', 'label': 'c3689416-12cb-49e3-b9ee-c3c109344832', 'context': [<snowplow_tracker.self_describing_json.SelfDescribingJson object at 0x107d34b90>]}
[0m16:08:24.883574 [info ] [MainThread]: Found 1 model, 1 source, 472 macros
[0m16:08:24.883699 [debug] [MainThread]: Sending event: {'category': 'dbt', 'action': 'runnable_timing', 'label': 'c3689416-12cb-49e3-b9ee-c3c109344832', 'context': [<snowplow_tracker.self_describing_json.SelfDescribingJson object at 0x111aaf070>]}
[0m16:08:24.884351 [info ] [MainThread]: 
[0m16:08:24.884475 [info ] [MainThread]: Concurrency: 1 threads (target='dev')
[0m16:08:24.884569 [info ] [MainThread]: 
[0m16:08:24.884760 [debug] [MainThread]: Acquiring new duckdb connection 'master'
[0m16:08:24.885081 [debug] [ThreadPool]: Acquiring new duckdb connection 'list_trafficlens'
[0m16:08:24.908402 [debug] [ThreadPool]: Using duckdb connection "list_trafficlens"
[0m16:08:24.908582 [debug] [ThreadPool]: On list_trafficlens: /* {"app": "dbt", "dbt_version": "1.11.4", "profile_name": "trafficlens_profile", "target_name": "dev", "connection_name": "list_trafficlens"} */

    
    select schema_name
    from system.information_schema.schemata
    
    where lower(catalog_name) = '"trafficlens"'
    
  
  
[0m16:08:24.908686 [debug] [ThreadPool]: Opening a new connection, currently in state init
[0m16:08:24.915281 [debug] [ThreadPool]: SQL status: OK in 0.007 seconds
[0m16:08:24.915952 [debug] [ThreadPool]: On list_trafficlens: Close
[0m16:08:24.916213 [debug] [ThreadPool]: Re-using an available connection from the pool (formerly list_trafficlens, now create_trafficlens_main)
[0m16:08:24.916368 [debug] [ThreadPool]: Creating schema "database: "trafficlens"
schema: "main"
"
[0m16:08:24.918477 [debug] [ThreadPool]: Using duckdb connection "create_trafficlens_main"
[0m16:08:24.918578 [debug] [ThreadPool]: On create_trafficlens_main: /* {"app": "dbt", "dbt_version": "1.11.4", "profile_name": "trafficlens_profile", "target_name": "dev", "connection_name": "create_trafficlens_main"} */

    
        select type from duckdb_databases()
        where lower(database_name)='trafficlens'
        and type='sqlite'
    
  
[0m16:08:24.918669 [debug] [ThreadPool]: Opening a new connection, currently in state closed
[0m16:08:24.919113 [debug] [ThreadPool]: SQL status: OK in 0.000 seconds
[0m16:08:24.919562 [debug] [ThreadPool]: Using duckdb connection "create_trafficlens_main"
[0m16:08:24.919668 [debug] [ThreadPool]: On create_trafficlens_main: BEGIN
[0m16:08:24.919829 [debug] [ThreadPool]: SQL status: OK in 0.000 seconds
[0m16:08:24.919915 [debug] [ThreadPool]: Using duckdb connection "create_trafficlens_main"
[0m16:08:24.920000 [debug] [ThreadPool]: On create_trafficlens_main: /* {"app": "dbt", "dbt_version": "1.11.4", "profile_name": "trafficlens_profile", "target_name": "dev", "connection_name": "create_trafficlens_main"} */

    
    
        create schema if not exists "trafficlens"."main"
    
[0m16:08:24.920178 [debug] [ThreadPool]: SQL status: OK in 0.000 seconds
[0m16:08:24.920434 [debug] [ThreadPool]: On create_trafficlens_main: COMMIT
[0m16:08:24.920532 [debug] [ThreadPool]: Using duckdb connection "create_trafficlens_main"
[0m16:08:24.920608 [debug] [ThreadPool]: On create_trafficlens_main: COMMIT
[0m16:08:24.920744 [debug] [ThreadPool]: SQL status: OK in 0.000 seconds
[0m16:08:24.920831 [debug] [ThreadPool]: On create_trafficlens_main: Close
[0m16:08:24.921219 [debug] [ThreadPool]: Re-using an available connection from the pool (formerly create_trafficlens_main, now list_trafficlens_main)
[0m16:08:24.922995 [debug] [ThreadPool]: Using duckdb connection "list_trafficlens_main"
[0m16:08:24.923117 [debug] [ThreadPool]: On list_trafficlens_main: BEGIN
[0m16:08:24.923417 [debug] [ThreadPool]: Opening a new connection, currently in state closed
[0m16:08:24.923648 [debug] [ThreadPool]: SQL status: OK in 0.000 seconds
[0m16:08:24.923730 [debug] [ThreadPool]: Using duckdb connection "list_trafficlens_main"
[0m16:08:24.923821 [debug] [ThreadPool]: On list_trafficlens_main: /* {"app": "dbt", "dbt_version": "1.11.4", "profile_name": "trafficlens_profile", "target_name": "dev", "connection_name": "list_trafficlens_main"} */
select
      'trafficlens' as database,
      table_name as name,
      table_schema as schema,
      CASE table_type
        WHEN 'BASE TABLE' THEN 'table'
        WHEN 'VIEW' THEN 'view'
        WHEN 'LOCAL TEMPORARY' THEN 'table'
        END as type
    from system.information_schema.tables
    where lower(table_schema) = 'main'
    and lower(table_catalog) = 'trafficlens'
  
[0m16:08:24.928538 [debug] [ThreadPool]: SQL status: OK in 0.005 seconds
[0m16:08:24.928943 [debug] [ThreadPool]: On list_trafficlens_main: ROLLBACK
[0m16:08:24.929371 [debug] [ThreadPool]: Failed to rollback 'list_trafficlens_main'
[0m16:08:24.929468 [debug] [ThreadPool]: On list_trafficlens_main: Close
[0m16:08:24.929674 [debug] [MainThread]: Sending event: {'category': 'dbt', 'action': 'runnable_timing', 'label': 'c3689416-12cb-49e3-b9ee-c3c109344832', 'context': [<snowplow_tracker.self_describing_json.SelfDescribingJson object at 0x111ae3040>]}
[0m16:08:24.929834 [debug] [MainThread]: Using duckdb connection "master"
[0m16:08:24.929915 [debug] [MainThread]: On master: BEGIN
[0m16:08:24.929990 [debug] [MainThread]: Opening a new connection, currently in state init
[0m16:08:24.930160 [debug] [MainThread]: SQL status: OK in 0.000 seconds
[0m16:08:24.930238 [debug] [MainThread]: On master: COMMIT
[0m16:08:24.930311 [debug] [MainThread]: Using duckdb connection "master"
[0m16:08:24.930382 [debug] [MainThread]: On master: COMMIT
[0m16:08:24.930537 [debug] [MainThread]: SQL status: OK in 0.000 seconds
[0m16:08:24.930635 [debug] [MainThread]: On master: Close
[0m16:08:24.931957 [debug] [Thread-1 (]: Began running node model.trafficlens_dbt.stg_telemetry
[0m16:08:24.932112 [info ] [Thread-1 (]: 1 of 1 START sql external model main.stg_telemetry ............................. [RUN]
[0m16:08:24.932301 [debug] [Thread-1 (]: Re-using an available connection from the pool (formerly list_trafficlens_main, now model.trafficlens_dbt.stg_telemetry)
[0m16:08:24.932412 [debug] [Thread-1 (]: Began compiling node model.trafficlens_dbt.stg_telemetry
[0m16:08:24.934775 [debug] [Thread-1 (]: Writing injected SQL for node "model.trafficlens_dbt.stg_telemetry"
[0m16:08:24.935041 [debug] [Thread-1 (]: Began executing node model.trafficlens_dbt.stg_telemetry
[0m16:08:24.957281 [debug] [Thread-1 (]: Using duckdb connection "model.trafficlens_dbt.stg_telemetry"
[0m16:08:24.957453 [debug] [Thread-1 (]: On model.trafficlens_dbt.stg_telemetry: BEGIN
[0m16:08:24.957556 [debug] [Thread-1 (]: Opening a new connection, currently in state closed
[0m16:08:24.957809 [debug] [Thread-1 (]: SQL status: OK in 0.000 seconds
[0m16:08:24.957903 [debug] [Thread-1 (]: Using duckdb connection "model.trafficlens_dbt.stg_telemetry"
[0m16:08:24.958010 [debug] [Thread-1 (]: On model.trafficlens_dbt.stg_telemetry: /* {"app": "dbt", "dbt_version": "1.11.4", "profile_name": "trafficlens_profile", "target_name": "dev", "node_id": "model.trafficlens_dbt.stg_telemetry"} */

  
    
    

    create  table
      "trafficlens"."main"."stg_telemetry__dbt_tmp"
  
    as (
      Silver Layer: Cleaned Telemetry
    - cast timestamps
    - remove null coordinates
    - add partitions (virtual)
*/



WITH source_data AS (
    SELECT * FROM read_csv_auto('../../../datalake/bronze/telemetry/*.csv')
),

cleaned AS (
    SELECT
        -- Parse Timestamp (handling possible formats if CSV varies, but we assume ISO from viofo_ocr.py)
        TRY_CAST(timestamp AS TIMESTAMP) as event_time,
        
        -- Geolocation
        CAST(latitude AS DOUBLE) as latitude,
        CAST(longitude AS DOUBLE) as longitude,
        
        -- Speed
        CAST(speed_kmh AS DOUBLE) as speed_kmh,
        
        -- Metadata
        raw_text,
        frame_filename,
        
        -- Derived columns
        filename as source_file
        
    FROM source_data
    WHERE latitude IS NOT NULL 
      AND longitude IS NOT NULL
)

SELECT * FROM cleaned
    );
  
  
[0m16:08:24.958569 [debug] [Thread-1 (]: DuckDB adapter: Error running SQL: /* {"app": "dbt", "dbt_version": "1.11.4", "profile_name": "trafficlens_profile", "target_name": "dev", "node_id": "model.trafficlens_dbt.stg_telemetry"} */

  
    
    

    create  table
      "trafficlens"."main"."stg_telemetry__dbt_tmp"
  
    as (
      Silver Layer: Cleaned Telemetry
    - cast timestamps
    - remove null coordinates
    - add partitions (virtual)
*/



WITH source_data AS (
    SELECT * FROM read_csv_auto('../../../datalake/bronze/telemetry/*.csv')
),

cleaned AS (
    SELECT
        -- Parse Timestamp (handling possible formats if CSV varies, but we assume ISO from viofo_ocr.py)
        TRY_CAST(timestamp AS TIMESTAMP) as event_time,
        
        -- Geolocation
        CAST(latitude AS DOUBLE) as latitude,
        CAST(longitude AS DOUBLE) as longitude,
        
        -- Speed
        CAST(speed_kmh AS DOUBLE) as speed_kmh,
        
        -- Metadata
        raw_text,
        frame_filename,
        
        -- Derived columns
        filename as source_file
        
    FROM source_data
    WHERE latitude IS NOT NULL 
      AND longitude IS NOT NULL
)

SELECT * FROM cleaned
    );
  
  
[0m16:08:24.958687 [debug] [Thread-1 (]: DuckDB adapter: Rolling back transaction.
[0m16:08:24.958826 [debug] [Thread-1 (]: On model.trafficlens_dbt.stg_telemetry: ROLLBACK
[0m16:08:24.961812 [debug] [Thread-1 (]: Failed to rollback 'model.trafficlens_dbt.stg_telemetry'
[0m16:08:24.961939 [debug] [Thread-1 (]: On model.trafficlens_dbt.stg_telemetry: Close
[0m16:08:24.963176 [debug] [Thread-1 (]: Runtime Error in model stg_telemetry (models/silver/stg_telemetry.sql)
  Parser Error: syntax error at or near "Silver"
  
  LINE 11:       Silver Layer: Cleaned Telemetry
                 ^
[0m16:08:24.963756 [debug] [Thread-1 (]: Sending event: {'category': 'dbt', 'action': 'run_model', 'label': 'c3689416-12cb-49e3-b9ee-c3c109344832', 'context': [<snowplow_tracker.self_describing_json.SelfDescribingJson object at 0x111efc890>]}
[0m16:08:24.963974 [error] [Thread-1 (]: 1 of 1 ERROR creating sql external model main.stg_telemetry .................... [[31mERROR[0m in 0.03s]
[0m16:08:24.964190 [debug] [Thread-1 (]: Finished running node model.trafficlens_dbt.stg_telemetry
[0m16:08:24.964374 [debug] [Thread-4 (]: Marking all children of 'model.trafficlens_dbt.stg_telemetry' to be skipped because of status 'error'.  Reason: Runtime Error in model stg_telemetry (models/silver/stg_telemetry.sql)
  Parser Error: syntax error at or near "Silver"
  
  LINE 11:       Silver Layer: Cleaned Telemetry
                 ^.
[0m16:08:24.965069 [debug] [MainThread]: Using duckdb connection "master"
[0m16:08:24.965210 [debug] [MainThread]: On master: BEGIN
[0m16:08:24.965307 [debug] [MainThread]: Opening a new connection, currently in state closed
[0m16:08:24.965506 [debug] [MainThread]: SQL status: OK in 0.000 seconds
[0m16:08:24.965601 [debug] [MainThread]: On master: COMMIT
[0m16:08:24.965694 [debug] [MainThread]: Using duckdb connection "master"
[0m16:08:24.965779 [debug] [MainThread]: On master: COMMIT
[0m16:08:24.965927 [debug] [MainThread]: SQL status: OK in 0.000 seconds
[0m16:08:24.966017 [debug] [MainThread]: On master: Close
[0m16:08:24.966133 [debug] [MainThread]: Connection 'master' was properly closed.
[0m16:08:24.966225 [debug] [MainThread]: Connection 'model.trafficlens_dbt.stg_telemetry' was properly closed.
[0m16:08:24.966317 [info ] [MainThread]: 
[0m16:08:24.966421 [info ] [MainThread]: Finished running 1 external model in 0 hours 0 minutes and 0.08 seconds (0.08s).
[0m16:08:24.966646 [debug] [MainThread]: Command end result
[0m16:08:24.999835 [debug] [MainThread]: Wrote artifact WritableManifest to /Users/anahiruiz/Documents/GitHub/trafficlens-data-lake/core/dbt_project/target/manifest.json
[0m16:08:25.000533 [debug] [MainThread]: Wrote artifact SemanticManifest to /Users/anahiruiz/Documents/GitHub/trafficlens-data-lake/core/dbt_project/target/semantic_manifest.json
[0m16:08:25.002457 [debug] [MainThread]: Wrote artifact RunExecutionResult to /Users/anahiruiz/Documents/GitHub/trafficlens-data-lake/core/dbt_project/target/run_results.json
[0m16:08:25.002580 [info ] [MainThread]: 
[0m16:08:25.002723 [info ] [MainThread]: [31mCompleted with 1 error, 0 partial successes, and 0 warnings:[0m
[0m16:08:25.002827 [info ] [MainThread]: 
[0m16:08:25.002954 [error] [MainThread]: [31mFailure in model stg_telemetry (models/silver/stg_telemetry.sql)[0m
[0m16:08:25.003072 [error] [MainThread]:   Runtime Error in model stg_telemetry (models/silver/stg_telemetry.sql)
  Parser Error: syntax error at or near "Silver"
  
  LINE 11:       Silver Layer: Cleaned Telemetry
                 ^
[0m16:08:25.003162 [info ] [MainThread]: 
[0m16:08:25.003270 [info ] [MainThread]:   compiled code at target/compiled/trafficlens_dbt/models/silver/stg_telemetry.sql
[0m16:08:25.003361 [info ] [MainThread]: 
[0m16:08:25.003463 [info ] [MainThread]: Done. PASS=0 WARN=0 ERROR=1 SKIP=0 NO-OP=0 TOTAL=1
[0m16:08:25.004655 [debug] [MainThread]: Resource report: {"command_name": "run", "command_success": false, "command_wall_clock_time": 1.0352808, "process_in_blocks": "0", "process_kernel_time": 0.180091, "process_mem_max_rss": "157515776", "process_out_blocks": "0", "process_user_time": 0.88956}
[0m16:08:25.004805 [debug] [MainThread]: Command `dbt run` failed at 16:08:25.004777 after 1.04 seconds
[0m16:08:25.004927 [debug] [MainThread]: Sending event: {'category': 'dbt', 'action': 'invocation', 'label': 'end', 'context': [<snowplow_tracker.self_describing_json.SelfDescribingJson object at 0x111b29f40>, <snowplow_tracker.self_describing_json.SelfDescribingJson object at 0x111eb0af0>, <snowplow_tracker.self_describing_json.SelfDescribingJson object at 0x111eb0e10>]}
[0m16:08:25.005038 [debug] [MainThread]: Flushing usage events
[0m16:08:25.512004 [debug] [MainThread]: An error was encountered while trying to flush usage events
[0m16:09:43.029280 [debug] [MainThread]: Sending event: {'category': 'dbt', 'action': 'invocation', 'label': 'start', 'context': [<snowplow_tracker.self_describing_json.SelfDescribingJson object at 0x105f9f230>, <snowplow_tracker.self_describing_json.SelfDescribingJson object at 0x10a0cbd90>, <snowplow_tracker.self_describing_json.SelfDescribingJson object at 0x10a0cbed0>]}


============================== 16:09:43.031280 | 11b0a09d-9ff1-4f60-b8f6-cdaa98c87e70 ==============================
[0m16:09:43.031280 [info ] [MainThread]: Running with dbt=1.11.4
[0m16:09:43.031542 [debug] [MainThread]: running dbt with arguments {'cache_selected_only': 'False', 'use_colors': 'True', 'no_print': 'None', 'debug': 'False', 'indirect_selection': 'eager', 'target_path': 'None', 'version_check': 'True', 'use_experimental_parser': 'False', 'quiet': 'False', 'printer_width': '80', 'invocation_command': 'dbt run --profiles-dir .', 'empty': 'False', 'log_path': '/Users/anahiruiz/Documents/GitHub/trafficlens-data-lake/core/dbt_project/logs', 'fail_fast': 'False', 'log_format': 'default', 'warn_error': 'None', 'introspect': 'True', 'profiles_dir': '.', 'warn_error_options': 'WarnErrorOptionsV2(error=[], warn=[], silence=[])', 'partial_parse': 'True', 'static_parser': 'True', 'send_anonymous_usage_stats': 'True', 'log_cache_events': 'False', 'write_json': 'True'}
[0m16:09:43.107155 [debug] [MainThread]: Sending event: {'category': 'dbt', 'action': 'project_id', 'label': '11b0a09d-9ff1-4f60-b8f6-cdaa98c87e70', 'context': [<snowplow_tracker.self_describing_json.SelfDescribingJson object at 0x1091c76f0>]}
[0m16:09:43.129089 [debug] [MainThread]: Sending event: {'category': 'dbt', 'action': 'adapter_info', 'label': '11b0a09d-9ff1-4f60-b8f6-cdaa98c87e70', 'context': [<snowplow_tracker.self_describing_json.SelfDescribingJson object at 0x10a1fe140>]}
[0m16:09:43.129853 [info ] [MainThread]: Registered adapter: duckdb=1.10.0
[0m16:09:43.160531 [debug] [MainThread]: checksum: 092b177ba87eb6bb3c55954c38aa57900eebac336561eb9ee32218428aa81d43, vars: {}, profile: , target: , version: 1.11.4
[0m16:09:43.196434 [debug] [MainThread]: Partial parsing enabled: 0 files deleted, 0 files added, 1 files changed.
[0m16:09:43.197093 [debug] [MainThread]: Partial parsing: updated file: trafficlens_dbt://models/silver/stg_telemetry.sql
[0m16:09:43.282463 [warn ] [MainThread]: [[33mWARNING[0m]: Configuration paths exist in your dbt_project.yml file which do not apply to any resources.
There are 1 unused configuration paths:
- models.trafficlens_dbt.gold
[0m16:09:43.286763 [debug] [MainThread]: Sending event: {'category': 'dbt', 'action': 'load_project', 'label': '11b0a09d-9ff1-4f60-b8f6-cdaa98c87e70', 'context': [<snowplow_tracker.self_describing_json.SelfDescribingJson object at 0x10a1db850>]}
[0m16:09:43.338717 [debug] [MainThread]: Wrote artifact WritableManifest to /Users/anahiruiz/Documents/GitHub/trafficlens-data-lake/core/dbt_project/target/manifest.json
[0m16:09:43.339605 [debug] [MainThread]: Wrote artifact SemanticManifest to /Users/anahiruiz/Documents/GitHub/trafficlens-data-lake/core/dbt_project/target/semantic_manifest.json
[0m16:09:43.344966 [debug] [MainThread]: Sending event: {'category': 'dbt', 'action': 'resource_counts', 'label': '11b0a09d-9ff1-4f60-b8f6-cdaa98c87e70', 'context': [<snowplow_tracker.self_describing_json.SelfDescribingJson object at 0x10244bb60>]}
[0m16:09:43.345132 [info ] [MainThread]: Found 1 model, 1 source, 472 macros
[0m16:09:43.345239 [debug] [MainThread]: Sending event: {'category': 'dbt', 'action': 'runnable_timing', 'label': '11b0a09d-9ff1-4f60-b8f6-cdaa98c87e70', 'context': [<snowplow_tracker.self_describing_json.SelfDescribingJson object at 0x10ab084b0>]}
[0m16:09:43.345831 [info ] [MainThread]: 
[0m16:09:43.345941 [info ] [MainThread]: Concurrency: 1 threads (target='dev')
[0m16:09:43.346020 [info ] [MainThread]: 
[0m16:09:43.346171 [debug] [MainThread]: Acquiring new duckdb connection 'master'
[0m16:09:43.346509 [debug] [ThreadPool]: Acquiring new duckdb connection 'list_trafficlens'
[0m16:09:43.365985 [debug] [ThreadPool]: Using duckdb connection "list_trafficlens"
[0m16:09:43.366156 [debug] [ThreadPool]: On list_trafficlens: /* {"app": "dbt", "dbt_version": "1.11.4", "profile_name": "trafficlens_profile", "target_name": "dev", "connection_name": "list_trafficlens"} */

    
    select schema_name
    from system.information_schema.schemata
    
    where lower(catalog_name) = '"trafficlens"'
    
  
  
[0m16:09:43.366259 [debug] [ThreadPool]: Opening a new connection, currently in state init
[0m16:09:43.371755 [debug] [ThreadPool]: SQL status: OK in 0.005 seconds
[0m16:09:43.372210 [debug] [ThreadPool]: On list_trafficlens: Close
[0m16:09:43.372455 [debug] [ThreadPool]: Re-using an available connection from the pool (formerly list_trafficlens, now create_trafficlens_main)
[0m16:09:43.372599 [debug] [ThreadPool]: Creating schema "database: "trafficlens"
schema: "main"
"
[0m16:09:43.374690 [debug] [ThreadPool]: Using duckdb connection "create_trafficlens_main"
[0m16:09:43.374795 [debug] [ThreadPool]: On create_trafficlens_main: /* {"app": "dbt", "dbt_version": "1.11.4", "profile_name": "trafficlens_profile", "target_name": "dev", "connection_name": "create_trafficlens_main"} */

    
        select type from duckdb_databases()
        where lower(database_name)='trafficlens'
        and type='sqlite'
    
  
[0m16:09:43.374878 [debug] [ThreadPool]: Opening a new connection, currently in state closed
[0m16:09:43.375160 [debug] [ThreadPool]: SQL status: OK in 0.000 seconds
[0m16:09:43.375542 [debug] [ThreadPool]: Using duckdb connection "create_trafficlens_main"
[0m16:09:43.375626 [debug] [ThreadPool]: On create_trafficlens_main: BEGIN
[0m16:09:43.375762 [debug] [ThreadPool]: SQL status: OK in 0.000 seconds
[0m16:09:43.375834 [debug] [ThreadPool]: Using duckdb connection "create_trafficlens_main"
[0m16:09:43.375907 [debug] [ThreadPool]: On create_trafficlens_main: /* {"app": "dbt", "dbt_version": "1.11.4", "profile_name": "trafficlens_profile", "target_name": "dev", "connection_name": "create_trafficlens_main"} */

    
    
        create schema if not exists "trafficlens"."main"
    
[0m16:09:43.376163 [debug] [ThreadPool]: SQL status: OK in 0.000 seconds
[0m16:09:43.376596 [debug] [ThreadPool]: On create_trafficlens_main: COMMIT
[0m16:09:43.376710 [debug] [ThreadPool]: Using duckdb connection "create_trafficlens_main"
[0m16:09:43.376799 [debug] [ThreadPool]: On create_trafficlens_main: COMMIT
[0m16:09:43.376997 [debug] [ThreadPool]: SQL status: OK in 0.000 seconds
[0m16:09:43.377081 [debug] [ThreadPool]: On create_trafficlens_main: Close
[0m16:09:43.377466 [debug] [ThreadPool]: Re-using an available connection from the pool (formerly create_trafficlens_main, now list_trafficlens_main)
[0m16:09:43.379518 [debug] [ThreadPool]: Using duckdb connection "list_trafficlens_main"
[0m16:09:43.379636 [debug] [ThreadPool]: On list_trafficlens_main: BEGIN
[0m16:09:43.379714 [debug] [ThreadPool]: Opening a new connection, currently in state closed
[0m16:09:43.379977 [debug] [ThreadPool]: SQL status: OK in 0.000 seconds
[0m16:09:43.380129 [debug] [ThreadPool]: Using duckdb connection "list_trafficlens_main"
[0m16:09:43.380229 [debug] [ThreadPool]: On list_trafficlens_main: /* {"app": "dbt", "dbt_version": "1.11.4", "profile_name": "trafficlens_profile", "target_name": "dev", "connection_name": "list_trafficlens_main"} */
select
      'trafficlens' as database,
      table_name as name,
      table_schema as schema,
      CASE table_type
        WHEN 'BASE TABLE' THEN 'table'
        WHEN 'VIEW' THEN 'view'
        WHEN 'LOCAL TEMPORARY' THEN 'table'
        END as type
    from system.information_schema.tables
    where lower(table_schema) = 'main'
    and lower(table_catalog) = 'trafficlens'
  
[0m16:09:43.384987 [debug] [ThreadPool]: SQL status: OK in 0.005 seconds
[0m16:09:43.385433 [debug] [ThreadPool]: On list_trafficlens_main: ROLLBACK
[0m16:09:43.385874 [debug] [ThreadPool]: Failed to rollback 'list_trafficlens_main'
[0m16:09:43.386030 [debug] [ThreadPool]: On list_trafficlens_main: Close
[0m16:09:43.386360 [debug] [MainThread]: Sending event: {'category': 'dbt', 'action': 'runnable_timing', 'label': '11b0a09d-9ff1-4f60-b8f6-cdaa98c87e70', 'context': [<snowplow_tracker.self_describing_json.SelfDescribingJson object at 0x10af9a9c0>]}
[0m16:09:43.386595 [debug] [MainThread]: Using duckdb connection "master"
[0m16:09:43.386701 [debug] [MainThread]: On master: BEGIN
[0m16:09:43.386789 [debug] [MainThread]: Opening a new connection, currently in state init
[0m16:09:43.387013 [debug] [MainThread]: SQL status: OK in 0.000 seconds
[0m16:09:43.387102 [debug] [MainThread]: On master: COMMIT
[0m16:09:43.387185 [debug] [MainThread]: Using duckdb connection "master"
[0m16:09:43.387259 [debug] [MainThread]: On master: COMMIT
[0m16:09:43.387397 [debug] [MainThread]: SQL status: OK in 0.000 seconds
[0m16:09:43.387486 [debug] [MainThread]: On master: Close
[0m16:09:43.388289 [debug] [Thread-1 (]: Began running node model.trafficlens_dbt.stg_telemetry
[0m16:09:43.388467 [info ] [Thread-1 (]: 1 of 1 START sql external model main.stg_telemetry ............................. [RUN]
[0m16:09:43.388625 [debug] [Thread-1 (]: Re-using an available connection from the pool (formerly list_trafficlens_main, now model.trafficlens_dbt.stg_telemetry)
[0m16:09:43.388745 [debug] [Thread-1 (]: Began compiling node model.trafficlens_dbt.stg_telemetry
[0m16:09:43.391176 [debug] [Thread-1 (]: Writing injected SQL for node "model.trafficlens_dbt.stg_telemetry"
[0m16:09:43.391443 [debug] [Thread-1 (]: Began executing node model.trafficlens_dbt.stg_telemetry
[0m16:09:43.411727 [debug] [Thread-1 (]: Using duckdb connection "model.trafficlens_dbt.stg_telemetry"
[0m16:09:43.411866 [debug] [Thread-1 (]: On model.trafficlens_dbt.stg_telemetry: BEGIN
[0m16:09:43.411960 [debug] [Thread-1 (]: Opening a new connection, currently in state closed
[0m16:09:43.412164 [debug] [Thread-1 (]: SQL status: OK in 0.000 seconds
[0m16:09:43.412265 [debug] [Thread-1 (]: Using duckdb connection "model.trafficlens_dbt.stg_telemetry"
[0m16:09:43.412371 [debug] [Thread-1 (]: On model.trafficlens_dbt.stg_telemetry: /* {"app": "dbt", "dbt_version": "1.11.4", "profile_name": "trafficlens_profile", "target_name": "dev", "node_id": "model.trafficlens_dbt.stg_telemetry"} */

  
    
    

    create  table
      "trafficlens"."main"."stg_telemetry__dbt_tmp"
  
    as (
      

/*
    Silver Layer: Cleaned Telemetry
    - cast timestamps
    - remove null coordinates
    - add partitions (virtual)
*/

WITH source_data AS (
    SELECT * FROM read_csv_auto('../../../datalake/bronze/telemetry/*.csv')
),

cleaned AS (
    SELECT
        -- Parse Timestamp (handling possible formats if CSV varies, but we assume ISO from viofo_ocr.py)
        TRY_CAST(timestamp AS TIMESTAMP) as event_time,
        
        -- Geolocation
        CAST(latitude AS DOUBLE) as latitude,
        CAST(longitude AS DOUBLE) as longitude,
        
        -- Speed
        CAST(speed_kmh AS DOUBLE) as speed_kmh,
        
        -- Metadata
        raw_text,
        frame_filename,
        
        -- Derived columns
        filename as source_file
        
    FROM source_data
    WHERE latitude IS NOT NULL 
      AND longitude IS NOT NULL
)

SELECT * FROM cleaned
    );
  
  
[0m16:09:43.412969 [debug] [Thread-1 (]: DuckDB adapter: Error running SQL: /* {"app": "dbt", "dbt_version": "1.11.4", "profile_name": "trafficlens_profile", "target_name": "dev", "node_id": "model.trafficlens_dbt.stg_telemetry"} */

  
    
    

    create  table
      "trafficlens"."main"."stg_telemetry__dbt_tmp"
  
    as (
      

/*
    Silver Layer: Cleaned Telemetry
    - cast timestamps
    - remove null coordinates
    - add partitions (virtual)
*/

WITH source_data AS (
    SELECT * FROM read_csv_auto('../../../datalake/bronze/telemetry/*.csv')
),

cleaned AS (
    SELECT
        -- Parse Timestamp (handling possible formats if CSV varies, but we assume ISO from viofo_ocr.py)
        TRY_CAST(timestamp AS TIMESTAMP) as event_time,
        
        -- Geolocation
        CAST(latitude AS DOUBLE) as latitude,
        CAST(longitude AS DOUBLE) as longitude,
        
        -- Speed
        CAST(speed_kmh AS DOUBLE) as speed_kmh,
        
        -- Metadata
        raw_text,
        frame_filename,
        
        -- Derived columns
        filename as source_file
        
    FROM source_data
    WHERE latitude IS NOT NULL 
      AND longitude IS NOT NULL
)

SELECT * FROM cleaned
    );
  
  
[0m16:09:43.413096 [debug] [Thread-1 (]: DuckDB adapter: Rolling back transaction.
[0m16:09:43.413231 [debug] [Thread-1 (]: On model.trafficlens_dbt.stg_telemetry: ROLLBACK
[0m16:09:43.415211 [debug] [Thread-1 (]: Failed to rollback 'model.trafficlens_dbt.stg_telemetry'
[0m16:09:43.415323 [debug] [Thread-1 (]: On model.trafficlens_dbt.stg_telemetry: Close
[0m16:09:43.416541 [debug] [Thread-1 (]: Runtime Error in model stg_telemetry (models/silver/stg_telemetry.sql)
  IO Error: No files found that match the pattern "../../../datalake/bronze/telemetry/*.csv"
  
  LINE 21:     SELECT * FROM read_csv_auto('../../../datalake/bronze/telemetry/*.csv')
                             ^
[0m16:09:43.417110 [debug] [Thread-1 (]: Sending event: {'category': 'dbt', 'action': 'run_model', 'label': '11b0a09d-9ff1-4f60-b8f6-cdaa98c87e70', 'context': [<snowplow_tracker.self_describing_json.SelfDescribingJson object at 0x10af95cd0>]}
[0m16:09:43.417317 [error] [Thread-1 (]: 1 of 1 ERROR creating sql external model main.stg_telemetry .................... [[31mERROR[0m in 0.03s]
[0m16:09:43.417500 [debug] [Thread-1 (]: Finished running node model.trafficlens_dbt.stg_telemetry
[0m16:09:43.417778 [debug] [Thread-4 (]: Marking all children of 'model.trafficlens_dbt.stg_telemetry' to be skipped because of status 'error'.  Reason: Runtime Error in model stg_telemetry (models/silver/stg_telemetry.sql)
  IO Error: No files found that match the pattern "../../../datalake/bronze/telemetry/*.csv"
  
  LINE 21:     SELECT * FROM read_csv_auto('../../../datalake/bronze/telemetry/*.csv')
                             ^.
[0m16:09:43.418623 [debug] [MainThread]: Using duckdb connection "master"
[0m16:09:43.418757 [debug] [MainThread]: On master: BEGIN
[0m16:09:43.418859 [debug] [MainThread]: Opening a new connection, currently in state closed
[0m16:09:43.419110 [debug] [MainThread]: SQL status: OK in 0.000 seconds
[0m16:09:43.419211 [debug] [MainThread]: On master: COMMIT
[0m16:09:43.419358 [debug] [MainThread]: Using duckdb connection "master"
[0m16:09:43.419536 [debug] [MainThread]: On master: COMMIT
[0m16:09:43.419808 [debug] [MainThread]: SQL status: OK in 0.000 seconds
[0m16:09:43.419910 [debug] [MainThread]: On master: Close
[0m16:09:43.420032 [debug] [MainThread]: Connection 'master' was properly closed.
[0m16:09:43.420113 [debug] [MainThread]: Connection 'model.trafficlens_dbt.stg_telemetry' was properly closed.
[0m16:09:43.420200 [info ] [MainThread]: 
[0m16:09:43.420295 [info ] [MainThread]: Finished running 1 external model in 0 hours 0 minutes and 0.07 seconds (0.07s).
[0m16:09:43.420494 [debug] [MainThread]: Command end result
[0m16:09:43.426401 [debug] [MainThread]: Wrote artifact WritableManifest to /Users/anahiruiz/Documents/GitHub/trafficlens-data-lake/core/dbt_project/target/manifest.json
[0m16:09:43.426973 [debug] [MainThread]: Wrote artifact SemanticManifest to /Users/anahiruiz/Documents/GitHub/trafficlens-data-lake/core/dbt_project/target/semantic_manifest.json
[0m16:09:43.428931 [debug] [MainThread]: Wrote artifact RunExecutionResult to /Users/anahiruiz/Documents/GitHub/trafficlens-data-lake/core/dbt_project/target/run_results.json
[0m16:09:43.429030 [info ] [MainThread]: 
[0m16:09:43.429146 [info ] [MainThread]: [31mCompleted with 1 error, 0 partial successes, and 0 warnings:[0m
[0m16:09:43.429239 [info ] [MainThread]: 
[0m16:09:43.429514 [error] [MainThread]: [31mFailure in model stg_telemetry (models/silver/stg_telemetry.sql)[0m
[0m16:09:43.429683 [error] [MainThread]:   Runtime Error in model stg_telemetry (models/silver/stg_telemetry.sql)
  IO Error: No files found that match the pattern "../../../datalake/bronze/telemetry/*.csv"
  
  LINE 21:     SELECT * FROM read_csv_auto('../../../datalake/bronze/telemetry/*.csv')
                             ^
[0m16:09:43.429782 [info ] [MainThread]: 
[0m16:09:43.429889 [info ] [MainThread]:   compiled code at target/compiled/trafficlens_dbt/models/silver/stg_telemetry.sql
[0m16:09:43.429980 [info ] [MainThread]: 
[0m16:09:43.430081 [info ] [MainThread]: Done. PASS=0 WARN=0 ERROR=1 SKIP=0 NO-OP=0 TOTAL=1
[0m16:09:43.431198 [debug] [MainThread]: Resource report: {"command_name": "run", "command_success": false, "command_wall_clock_time": 0.4294746, "process_in_blocks": "0", "process_kernel_time": 0.149565, "process_mem_max_rss": "161366016", "process_out_blocks": "0", "process_user_time": 0.837431}
[0m16:09:43.431357 [debug] [MainThread]: Command `dbt run` failed at 16:09:43.431326 after 0.43 seconds
[0m16:09:43.431486 [debug] [MainThread]: Sending event: {'category': 'dbt', 'action': 'invocation', 'label': 'end', 'context': [<snowplow_tracker.self_describing_json.SelfDescribingJson object at 0x10aa96d00>, <snowplow_tracker.self_describing_json.SelfDescribingJson object at 0x10abde210>, <snowplow_tracker.self_describing_json.SelfDescribingJson object at 0x10abde490>]}
[0m16:09:43.431602 [debug] [MainThread]: Flushing usage events
[0m16:09:43.916746 [debug] [MainThread]: An error was encountered while trying to flush usage events
[0m16:10:44.154560 [debug] [MainThread]: Sending event: {'category': 'dbt', 'action': 'invocation', 'label': 'start', 'context': [<snowplow_tracker.self_describing_json.SelfDescribingJson object at 0x108237230>, <snowplow_tracker.self_describing_json.SelfDescribingJson object at 0x10a4cbd90>, <snowplow_tracker.self_describing_json.SelfDescribingJson object at 0x10a4cbed0>]}


============================== 16:10:44.156381 | 11a41694-3cd6-4eb1-a823-b5d07cdf50be ==============================
[0m16:10:44.156381 [info ] [MainThread]: Running with dbt=1.11.4
[0m16:10:44.156635 [debug] [MainThread]: running dbt with arguments {'warn_error_options': 'WarnErrorOptionsV2(error=[], warn=[], silence=[])', 'log_cache_events': 'False', 'invocation_command': 'dbt run --profiles-dir .', 'empty': 'False', 'partial_parse': 'True', 'target_path': 'None', 'version_check': 'True', 'static_parser': 'True', 'printer_width': '80', 'indirect_selection': 'eager', 'use_experimental_parser': 'False', 'use_colors': 'True', 'write_json': 'True', 'log_format': 'default', 'introspect': 'True', 'log_path': '/Users/anahiruiz/Documents/GitHub/trafficlens-data-lake/core/dbt_project/logs', 'cache_selected_only': 'False', 'quiet': 'False', 'debug': 'False', 'fail_fast': 'False', 'no_print': 'None', 'warn_error': 'None', 'profiles_dir': '.', 'send_anonymous_usage_stats': 'True'}
[0m16:10:44.232763 [debug] [MainThread]: Sending event: {'category': 'dbt', 'action': 'project_id', 'label': '11a41694-3cd6-4eb1-a823-b5d07cdf50be', 'context': [<snowplow_tracker.self_describing_json.SelfDescribingJson object at 0x108a6f6f0>]}
[0m16:10:44.255107 [debug] [MainThread]: Sending event: {'category': 'dbt', 'action': 'adapter_info', 'label': '11a41694-3cd6-4eb1-a823-b5d07cdf50be', 'context': [<snowplow_tracker.self_describing_json.SelfDescribingJson object at 0x10a5fe140>]}
[0m16:10:44.255971 [info ] [MainThread]: Registered adapter: duckdb=1.10.0
[0m16:10:44.288264 [debug] [MainThread]: checksum: 092b177ba87eb6bb3c55954c38aa57900eebac336561eb9ee32218428aa81d43, vars: {}, profile: , target: , version: 1.11.4
[0m16:10:44.322490 [debug] [MainThread]: Partial parsing enabled: 0 files deleted, 0 files added, 0 files changed.
[0m16:10:44.322686 [debug] [MainThread]: Nothing changed, skipping partial parsing.
[0m16:10:44.322782 [debug] [MainThread]: Partial parsing enabled, no changes found, skipping parsing
[0m16:10:44.324839 [warn ] [MainThread]: [[33mWARNING[0m]: Configuration paths exist in your dbt_project.yml file which do not apply to any resources.
There are 1 unused configuration paths:
- models.trafficlens_dbt.gold
[0m16:10:44.334647 [debug] [MainThread]: Sending event: {'category': 'dbt', 'action': 'load_project', 'label': '11a41694-3cd6-4eb1-a823-b5d07cdf50be', 'context': [<snowplow_tracker.self_describing_json.SelfDescribingJson object at 0x10a5da750>]}
[0m16:10:44.361239 [debug] [MainThread]: Wrote artifact WritableManifest to /Users/anahiruiz/Documents/GitHub/trafficlens-data-lake/core/dbt_project/target/manifest.json
[0m16:10:44.362376 [debug] [MainThread]: Wrote artifact SemanticManifest to /Users/anahiruiz/Documents/GitHub/trafficlens-data-lake/core/dbt_project/target/semantic_manifest.json
[0m16:10:44.369153 [debug] [MainThread]: Sending event: {'category': 'dbt', 'action': 'resource_counts', 'label': '11a41694-3cd6-4eb1-a823-b5d07cdf50be', 'context': [<snowplow_tracker.self_describing_json.SelfDescribingJson object at 0x10a734b90>]}
[0m16:10:44.369409 [info ] [MainThread]: Found 1 model, 1 source, 472 macros
[0m16:10:44.369533 [debug] [MainThread]: Sending event: {'category': 'dbt', 'action': 'runnable_timing', 'label': '11a41694-3cd6-4eb1-a823-b5d07cdf50be', 'context': [<snowplow_tracker.self_describing_json.SelfDescribingJson object at 0x10b4af070>]}
[0m16:10:44.370245 [info ] [MainThread]: 
[0m16:10:44.370389 [info ] [MainThread]: Concurrency: 1 threads (target='dev')
[0m16:10:44.370492 [info ] [MainThread]: 
[0m16:10:44.370725 [debug] [MainThread]: Acquiring new duckdb connection 'master'
[0m16:10:44.371152 [debug] [ThreadPool]: Acquiring new duckdb connection 'list_trafficlens'
[0m16:10:44.391852 [debug] [ThreadPool]: Using duckdb connection "list_trafficlens"
[0m16:10:44.392046 [debug] [ThreadPool]: On list_trafficlens: /* {"app": "dbt", "dbt_version": "1.11.4", "profile_name": "trafficlens_profile", "target_name": "dev", "connection_name": "list_trafficlens"} */

    
    select schema_name
    from system.information_schema.schemata
    
    where lower(catalog_name) = '"trafficlens"'
    
  
  
[0m16:10:44.392151 [debug] [ThreadPool]: Opening a new connection, currently in state init
[0m16:10:44.397936 [debug] [ThreadPool]: SQL status: OK in 0.006 seconds
[0m16:10:44.398505 [debug] [ThreadPool]: On list_trafficlens: Close
[0m16:10:44.398773 [debug] [ThreadPool]: Re-using an available connection from the pool (formerly list_trafficlens, now create_trafficlens_main)
[0m16:10:44.398933 [debug] [ThreadPool]: Creating schema "database: "trafficlens"
schema: "main"
"
[0m16:10:44.401146 [debug] [ThreadPool]: Using duckdb connection "create_trafficlens_main"
[0m16:10:44.401256 [debug] [ThreadPool]: On create_trafficlens_main: /* {"app": "dbt", "dbt_version": "1.11.4", "profile_name": "trafficlens_profile", "target_name": "dev", "connection_name": "create_trafficlens_main"} */

    
        select type from duckdb_databases()
        where lower(database_name)='trafficlens'
        and type='sqlite'
    
  
[0m16:10:44.401346 [debug] [ThreadPool]: Opening a new connection, currently in state closed
[0m16:10:44.401642 [debug] [ThreadPool]: SQL status: OK in 0.000 seconds
[0m16:10:44.402037 [debug] [ThreadPool]: Using duckdb connection "create_trafficlens_main"
[0m16:10:44.402122 [debug] [ThreadPool]: On create_trafficlens_main: BEGIN
[0m16:10:44.402406 [debug] [ThreadPool]: SQL status: OK in 0.000 seconds
[0m16:10:44.402627 [debug] [ThreadPool]: Using duckdb connection "create_trafficlens_main"
[0m16:10:44.402738 [debug] [ThreadPool]: On create_trafficlens_main: /* {"app": "dbt", "dbt_version": "1.11.4", "profile_name": "trafficlens_profile", "target_name": "dev", "connection_name": "create_trafficlens_main"} */

    
    
        create schema if not exists "trafficlens"."main"
    
[0m16:10:44.402967 [debug] [ThreadPool]: SQL status: OK in 0.000 seconds
[0m16:10:44.403252 [debug] [ThreadPool]: On create_trafficlens_main: COMMIT
[0m16:10:44.403348 [debug] [ThreadPool]: Using duckdb connection "create_trafficlens_main"
[0m16:10:44.403430 [debug] [ThreadPool]: On create_trafficlens_main: COMMIT
[0m16:10:44.403569 [debug] [ThreadPool]: SQL status: OK in 0.000 seconds
[0m16:10:44.403654 [debug] [ThreadPool]: On create_trafficlens_main: Close
[0m16:10:44.404069 [debug] [ThreadPool]: Re-using an available connection from the pool (formerly create_trafficlens_main, now list_trafficlens_main)
[0m16:10:44.405938 [debug] [ThreadPool]: Using duckdb connection "list_trafficlens_main"
[0m16:10:44.406074 [debug] [ThreadPool]: On list_trafficlens_main: BEGIN
[0m16:10:44.406414 [debug] [ThreadPool]: Opening a new connection, currently in state closed
[0m16:10:44.406700 [debug] [ThreadPool]: SQL status: OK in 0.000 seconds
[0m16:10:44.406789 [debug] [ThreadPool]: Using duckdb connection "list_trafficlens_main"
[0m16:10:44.406880 [debug] [ThreadPool]: On list_trafficlens_main: /* {"app": "dbt", "dbt_version": "1.11.4", "profile_name": "trafficlens_profile", "target_name": "dev", "connection_name": "list_trafficlens_main"} */
select
      'trafficlens' as database,
      table_name as name,
      table_schema as schema,
      CASE table_type
        WHEN 'BASE TABLE' THEN 'table'
        WHEN 'VIEW' THEN 'view'
        WHEN 'LOCAL TEMPORARY' THEN 'table'
        END as type
    from system.information_schema.tables
    where lower(table_schema) = 'main'
    and lower(table_catalog) = 'trafficlens'
  
[0m16:10:44.411980 [debug] [ThreadPool]: SQL status: OK in 0.005 seconds
[0m16:10:44.412426 [debug] [ThreadPool]: On list_trafficlens_main: ROLLBACK
[0m16:10:44.412867 [debug] [ThreadPool]: Failed to rollback 'list_trafficlens_main'
[0m16:10:44.412962 [debug] [ThreadPool]: On list_trafficlens_main: Close
[0m16:10:44.413209 [debug] [MainThread]: Sending event: {'category': 'dbt', 'action': 'runnable_timing', 'label': '11a41694-3cd6-4eb1-a823-b5d07cdf50be', 'context': [<snowplow_tracker.self_describing_json.SelfDescribingJson object at 0x10b4db040>]}
[0m16:10:44.413443 [debug] [MainThread]: Using duckdb connection "master"
[0m16:10:44.413543 [debug] [MainThread]: On master: BEGIN
[0m16:10:44.413624 [debug] [MainThread]: Opening a new connection, currently in state init
[0m16:10:44.413846 [debug] [MainThread]: SQL status: OK in 0.000 seconds
[0m16:10:44.413935 [debug] [MainThread]: On master: COMMIT
[0m16:10:44.414013 [debug] [MainThread]: Using duckdb connection "master"
[0m16:10:44.414085 [debug] [MainThread]: On master: COMMIT
[0m16:10:44.414218 [debug] [MainThread]: SQL status: OK in 0.000 seconds
[0m16:10:44.414309 [debug] [MainThread]: On master: Close
[0m16:10:44.415190 [debug] [Thread-1 (]: Began running node model.trafficlens_dbt.stg_telemetry
[0m16:10:44.415403 [info ] [Thread-1 (]: 1 of 1 START sql external model main.stg_telemetry ............................. [RUN]
[0m16:10:44.415592 [debug] [Thread-1 (]: Re-using an available connection from the pool (formerly list_trafficlens_main, now model.trafficlens_dbt.stg_telemetry)
[0m16:10:44.415708 [debug] [Thread-1 (]: Began compiling node model.trafficlens_dbt.stg_telemetry
[0m16:10:44.418257 [debug] [Thread-1 (]: Writing injected SQL for node "model.trafficlens_dbt.stg_telemetry"
[0m16:10:44.418570 [debug] [Thread-1 (]: Began executing node model.trafficlens_dbt.stg_telemetry
[0m16:10:44.440765 [debug] [Thread-1 (]: Using duckdb connection "model.trafficlens_dbt.stg_telemetry"
[0m16:10:44.440956 [debug] [Thread-1 (]: On model.trafficlens_dbt.stg_telemetry: BEGIN
[0m16:10:44.441060 [debug] [Thread-1 (]: Opening a new connection, currently in state closed
[0m16:10:44.441386 [debug] [Thread-1 (]: SQL status: OK in 0.000 seconds
[0m16:10:44.441487 [debug] [Thread-1 (]: Using duckdb connection "model.trafficlens_dbt.stg_telemetry"
[0m16:10:44.441598 [debug] [Thread-1 (]: On model.trafficlens_dbt.stg_telemetry: /* {"app": "dbt", "dbt_version": "1.11.4", "profile_name": "trafficlens_profile", "target_name": "dev", "node_id": "model.trafficlens_dbt.stg_telemetry"} */

  
    
    

    create  table
      "trafficlens"."main"."stg_telemetry__dbt_tmp"
  
    as (
      

/*
    Silver Layer: Cleaned Telemetry
    - cast timestamps
    - remove null coordinates
    - add partitions (virtual)
*/

WITH source_data AS (
    SELECT * FROM read_csv_auto('../../../datalake/bronze/telemetry/*.csv')
),

cleaned AS (
    SELECT
        -- Parse Timestamp (handling possible formats if CSV varies, but we assume ISO from viofo_ocr.py)
        TRY_CAST(timestamp AS TIMESTAMP) as event_time,
        
        -- Geolocation
        CAST(latitude AS DOUBLE) as latitude,
        CAST(longitude AS DOUBLE) as longitude,
        
        -- Speed
        CAST(speed_kmh AS DOUBLE) as speed_kmh,
        
        -- Metadata
        raw_text,
        frame_filename,
        
        -- Derived columns
        filename as source_file
        
    FROM source_data
    WHERE latitude IS NOT NULL 
      AND longitude IS NOT NULL
)

SELECT * FROM cleaned
    );
  
  
[0m16:10:44.442108 [debug] [Thread-1 (]: DuckDB adapter: Error running SQL: /* {"app": "dbt", "dbt_version": "1.11.4", "profile_name": "trafficlens_profile", "target_name": "dev", "node_id": "model.trafficlens_dbt.stg_telemetry"} */

  
    
    

    create  table
      "trafficlens"."main"."stg_telemetry__dbt_tmp"
  
    as (
      

/*
    Silver Layer: Cleaned Telemetry
    - cast timestamps
    - remove null coordinates
    - add partitions (virtual)
*/

WITH source_data AS (
    SELECT * FROM read_csv_auto('../../../datalake/bronze/telemetry/*.csv')
),

cleaned AS (
    SELECT
        -- Parse Timestamp (handling possible formats if CSV varies, but we assume ISO from viofo_ocr.py)
        TRY_CAST(timestamp AS TIMESTAMP) as event_time,
        
        -- Geolocation
        CAST(latitude AS DOUBLE) as latitude,
        CAST(longitude AS DOUBLE) as longitude,
        
        -- Speed
        CAST(speed_kmh AS DOUBLE) as speed_kmh,
        
        -- Metadata
        raw_text,
        frame_filename,
        
        -- Derived columns
        filename as source_file
        
    FROM source_data
    WHERE latitude IS NOT NULL 
      AND longitude IS NOT NULL
)

SELECT * FROM cleaned
    );
  
  
[0m16:10:44.442223 [debug] [Thread-1 (]: DuckDB adapter: Rolling back transaction.
[0m16:10:44.442366 [debug] [Thread-1 (]: On model.trafficlens_dbt.stg_telemetry: ROLLBACK
[0m16:10:44.444714 [debug] [Thread-1 (]: Failed to rollback 'model.trafficlens_dbt.stg_telemetry'
[0m16:10:44.444896 [debug] [Thread-1 (]: On model.trafficlens_dbt.stg_telemetry: Close
[0m16:10:44.446245 [debug] [Thread-1 (]: Runtime Error in model stg_telemetry (models/silver/stg_telemetry.sql)
  IO Error: No files found that match the pattern "../../../datalake/bronze/telemetry/*.csv"
  
  LINE 21:     SELECT * FROM read_csv_auto('../../../datalake/bronze/telemetry/*.csv')
                             ^
[0m16:10:44.446897 [debug] [Thread-1 (]: Sending event: {'category': 'dbt', 'action': 'run_model', 'label': '11a41694-3cd6-4eb1-a823-b5d07cdf50be', 'context': [<snowplow_tracker.self_describing_json.SelfDescribingJson object at 0x10cafcf50>]}
[0m16:10:44.447125 [error] [Thread-1 (]: 1 of 1 ERROR creating sql external model main.stg_telemetry .................... [[31mERROR[0m in 0.03s]
[0m16:10:44.447331 [debug] [Thread-1 (]: Finished running node model.trafficlens_dbt.stg_telemetry
[0m16:10:44.447497 [debug] [Thread-4 (]: Marking all children of 'model.trafficlens_dbt.stg_telemetry' to be skipped because of status 'error'.  Reason: Runtime Error in model stg_telemetry (models/silver/stg_telemetry.sql)
  IO Error: No files found that match the pattern "../../../datalake/bronze/telemetry/*.csv"
  
  LINE 21:     SELECT * FROM read_csv_auto('../../../datalake/bronze/telemetry/*.csv')
                             ^.
[0m16:10:44.448239 [debug] [MainThread]: Using duckdb connection "master"
[0m16:10:44.448382 [debug] [MainThread]: On master: BEGIN
[0m16:10:44.448469 [debug] [MainThread]: Opening a new connection, currently in state closed
[0m16:10:44.448682 [debug] [MainThread]: SQL status: OK in 0.000 seconds
[0m16:10:44.448766 [debug] [MainThread]: On master: COMMIT
[0m16:10:44.448843 [debug] [MainThread]: Using duckdb connection "master"
[0m16:10:44.448916 [debug] [MainThread]: On master: COMMIT
[0m16:10:44.449052 [debug] [MainThread]: SQL status: OK in 0.000 seconds
[0m16:10:44.449136 [debug] [MainThread]: On master: Close
[0m16:10:44.449245 [debug] [MainThread]: Connection 'master' was properly closed.
[0m16:10:44.449323 [debug] [MainThread]: Connection 'model.trafficlens_dbt.stg_telemetry' was properly closed.
[0m16:10:44.449410 [info ] [MainThread]: 
[0m16:10:44.449514 [info ] [MainThread]: Finished running 1 external model in 0 hours 0 minutes and 0.08 seconds (0.08s).
[0m16:10:44.449747 [debug] [MainThread]: Command end result
[0m16:10:44.482520 [debug] [MainThread]: Wrote artifact WritableManifest to /Users/anahiruiz/Documents/GitHub/trafficlens-data-lake/core/dbt_project/target/manifest.json
[0m16:10:44.483192 [debug] [MainThread]: Wrote artifact SemanticManifest to /Users/anahiruiz/Documents/GitHub/trafficlens-data-lake/core/dbt_project/target/semantic_manifest.json
[0m16:10:44.485068 [debug] [MainThread]: Wrote artifact RunExecutionResult to /Users/anahiruiz/Documents/GitHub/trafficlens-data-lake/core/dbt_project/target/run_results.json
[0m16:10:44.485170 [info ] [MainThread]: 
[0m16:10:44.485293 [info ] [MainThread]: [31mCompleted with 1 error, 0 partial successes, and 0 warnings:[0m
[0m16:10:44.485384 [info ] [MainThread]: 
[0m16:10:44.485503 [error] [MainThread]: [31mFailure in model stg_telemetry (models/silver/stg_telemetry.sql)[0m
[0m16:10:44.485619 [error] [MainThread]:   Runtime Error in model stg_telemetry (models/silver/stg_telemetry.sql)
  IO Error: No files found that match the pattern "../../../datalake/bronze/telemetry/*.csv"
  
  LINE 21:     SELECT * FROM read_csv_auto('../../../datalake/bronze/telemetry/*.csv')
                             ^
[0m16:10:44.485715 [info ] [MainThread]: 
[0m16:10:44.485820 [info ] [MainThread]:   compiled code at target/compiled/trafficlens_dbt/models/silver/stg_telemetry.sql
[0m16:10:44.485911 [info ] [MainThread]: 
[0m16:10:44.486016 [info ] [MainThread]: Done. PASS=0 WARN=0 ERROR=1 SKIP=0 NO-OP=0 TOTAL=1
[0m16:10:44.487125 [debug] [MainThread]: Resource report: {"command_name": "run", "command_success": false, "command_wall_clock_time": 0.3593687, "process_in_blocks": "0", "process_kernel_time": 0.137546, "process_mem_max_rss": "156975104", "process_out_blocks": "0", "process_user_time": 0.745661}
[0m16:10:44.487379 [debug] [MainThread]: Command `dbt run` failed at 16:10:44.487242 after 0.36 seconds
[0m16:10:44.487576 [debug] [MainThread]: Sending event: {'category': 'dbt', 'action': 'invocation', 'label': 'end', 'context': [<snowplow_tracker.self_describing_json.SelfDescribingJson object at 0x10b62a200>, <snowplow_tracker.self_describing_json.SelfDescribingJson object at 0x10cab0af0>, <snowplow_tracker.self_describing_json.SelfDescribingJson object at 0x10cab0e10>]}
[0m16:10:44.487716 [debug] [MainThread]: Flushing usage events
[0m16:10:44.913956 [debug] [MainThread]: An error was encountered while trying to flush usage events
[0m16:11:18.814969 [debug] [MainThread]: Sending event: {'category': 'dbt', 'action': 'invocation', 'label': 'start', 'context': [<snowplow_tracker.self_describing_json.SelfDescribingJson object at 0x11349f230>, <snowplow_tracker.self_describing_json.SelfDescribingJson object at 0x1159cbd90>, <snowplow_tracker.self_describing_json.SelfDescribingJson object at 0x1159cbed0>]}


============================== 16:11:18.816688 | ffc62962-898c-465b-b9a8-01ea45d97cdb ==============================
[0m16:11:18.816688 [info ] [MainThread]: Running with dbt=1.11.4
[0m16:11:18.816941 [debug] [MainThread]: running dbt with arguments {'static_parser': 'True', 'use_colors': 'True', 'target_path': 'None', 'warn_error_options': 'WarnErrorOptionsV2(error=[], warn=[], silence=[])', 'invocation_command': 'dbt run --profiles-dir .', 'version_check': 'True', 'cache_selected_only': 'False', 'log_format': 'default', 'no_print': 'None', 'introspect': 'True', 'debug': 'False', 'send_anonymous_usage_stats': 'True', 'quiet': 'False', 'indirect_selection': 'eager', 'warn_error': 'None', 'empty': 'False', 'use_experimental_parser': 'False', 'log_cache_events': 'False', 'profiles_dir': '.', 'log_path': '/Users/anahiruiz/Documents/GitHub/trafficlens-data-lake/core/dbt_project/logs', 'partial_parse': 'True', 'printer_width': '80', 'write_json': 'True', 'fail_fast': 'False'}
[0m16:11:18.890172 [debug] [MainThread]: Sending event: {'category': 'dbt', 'action': 'project_id', 'label': 'ffc62962-898c-465b-b9a8-01ea45d97cdb', 'context': [<snowplow_tracker.self_describing_json.SelfDescribingJson object at 0x113ec76f0>]}
[0m16:11:18.921572 [debug] [MainThread]: Sending event: {'category': 'dbt', 'action': 'adapter_info', 'label': 'ffc62962-898c-465b-b9a8-01ea45d97cdb', 'context': [<snowplow_tracker.self_describing_json.SelfDescribingJson object at 0x115afe140>]}
[0m16:11:18.922502 [info ] [MainThread]: Registered adapter: duckdb=1.10.0
[0m16:11:18.953427 [debug] [MainThread]: checksum: 092b177ba87eb6bb3c55954c38aa57900eebac336561eb9ee32218428aa81d43, vars: {}, profile: , target: , version: 1.11.4
[0m16:11:18.987649 [debug] [MainThread]: Partial parsing enabled: 0 files deleted, 0 files added, 1 files changed.
[0m16:11:18.987976 [debug] [MainThread]: Partial parsing: updated file: trafficlens_dbt://models/sources.yml
[0m16:11:19.120656 [warn ] [MainThread]: [[33mWARNING[0m]: Configuration paths exist in your dbt_project.yml file which do not apply to any resources.
There are 1 unused configuration paths:
- models.trafficlens_dbt.gold
[0m16:11:19.123812 [debug] [MainThread]: Sending event: {'category': 'dbt', 'action': 'load_project', 'label': 'ffc62962-898c-465b-b9a8-01ea45d97cdb', 'context': [<snowplow_tracker.self_describing_json.SelfDescribingJson object at 0x116bf8550>]}
[0m16:11:19.144791 [debug] [MainThread]: Wrote artifact WritableManifest to /Users/anahiruiz/Documents/GitHub/trafficlens-data-lake/core/dbt_project/target/manifest.json
[0m16:11:19.145553 [debug] [MainThread]: Wrote artifact SemanticManifest to /Users/anahiruiz/Documents/GitHub/trafficlens-data-lake/core/dbt_project/target/semantic_manifest.json
[0m16:11:19.151026 [debug] [MainThread]: Sending event: {'category': 'dbt', 'action': 'resource_counts', 'label': 'ffc62962-898c-465b-b9a8-01ea45d97cdb', 'context': [<snowplow_tracker.self_describing_json.SelfDescribingJson object at 0x115c37c50>]}
[0m16:11:19.151245 [info ] [MainThread]: Found 1 model, 1 source, 472 macros
[0m16:11:19.151369 [debug] [MainThread]: Sending event: {'category': 'dbt', 'action': 'runnable_timing', 'label': 'ffc62962-898c-465b-b9a8-01ea45d97cdb', 'context': [<snowplow_tracker.self_describing_json.SelfDescribingJson object at 0x115c403d0>]}
[0m16:11:19.151995 [info ] [MainThread]: 
[0m16:11:19.152122 [info ] [MainThread]: Concurrency: 1 threads (target='dev')
[0m16:11:19.152218 [info ] [MainThread]: 
[0m16:11:19.152388 [debug] [MainThread]: Acquiring new duckdb connection 'master'
[0m16:11:19.152692 [debug] [ThreadPool]: Acquiring new duckdb connection 'list_trafficlens'
[0m16:11:19.172116 [debug] [ThreadPool]: Using duckdb connection "list_trafficlens"
[0m16:11:19.172310 [debug] [ThreadPool]: On list_trafficlens: /* {"app": "dbt", "dbt_version": "1.11.4", "profile_name": "trafficlens_profile", "target_name": "dev", "connection_name": "list_trafficlens"} */

    
    select schema_name
    from system.information_schema.schemata
    
    where lower(catalog_name) = '"trafficlens"'
    
  
  
[0m16:11:19.172411 [debug] [ThreadPool]: Opening a new connection, currently in state init
[0m16:11:19.178283 [debug] [ThreadPool]: SQL status: OK in 0.006 seconds
[0m16:11:19.178815 [debug] [ThreadPool]: On list_trafficlens: Close
[0m16:11:19.179094 [debug] [ThreadPool]: Re-using an available connection from the pool (formerly list_trafficlens, now create_trafficlens_main)
[0m16:11:19.179243 [debug] [ThreadPool]: Creating schema "database: "trafficlens"
schema: "main"
"
[0m16:11:19.181420 [debug] [ThreadPool]: Using duckdb connection "create_trafficlens_main"
[0m16:11:19.181534 [debug] [ThreadPool]: On create_trafficlens_main: /* {"app": "dbt", "dbt_version": "1.11.4", "profile_name": "trafficlens_profile", "target_name": "dev", "connection_name": "create_trafficlens_main"} */

    
        select type from duckdb_databases()
        where lower(database_name)='trafficlens'
        and type='sqlite'
    
  
[0m16:11:19.181619 [debug] [ThreadPool]: Opening a new connection, currently in state closed
[0m16:11:19.181956 [debug] [ThreadPool]: SQL status: OK in 0.000 seconds
[0m16:11:19.182340 [debug] [ThreadPool]: Using duckdb connection "create_trafficlens_main"
[0m16:11:19.182426 [debug] [ThreadPool]: On create_trafficlens_main: BEGIN
[0m16:11:19.182579 [debug] [ThreadPool]: SQL status: OK in 0.000 seconds
[0m16:11:19.182664 [debug] [ThreadPool]: Using duckdb connection "create_trafficlens_main"
[0m16:11:19.182740 [debug] [ThreadPool]: On create_trafficlens_main: /* {"app": "dbt", "dbt_version": "1.11.4", "profile_name": "trafficlens_profile", "target_name": "dev", "connection_name": "create_trafficlens_main"} */

    
    
        create schema if not exists "trafficlens"."main"
    
[0m16:11:19.182901 [debug] [ThreadPool]: SQL status: OK in 0.000 seconds
[0m16:11:19.183131 [debug] [ThreadPool]: On create_trafficlens_main: COMMIT
[0m16:11:19.183215 [debug] [ThreadPool]: Using duckdb connection "create_trafficlens_main"
[0m16:11:19.183289 [debug] [ThreadPool]: On create_trafficlens_main: COMMIT
[0m16:11:19.183425 [debug] [ThreadPool]: SQL status: OK in 0.000 seconds
[0m16:11:19.183508 [debug] [ThreadPool]: On create_trafficlens_main: Close
[0m16:11:19.183862 [debug] [ThreadPool]: Re-using an available connection from the pool (formerly create_trafficlens_main, now list_trafficlens_main)
[0m16:11:19.185753 [debug] [ThreadPool]: Using duckdb connection "list_trafficlens_main"
[0m16:11:19.185868 [debug] [ThreadPool]: On list_trafficlens_main: BEGIN
[0m16:11:19.185951 [debug] [ThreadPool]: Opening a new connection, currently in state closed
[0m16:11:19.186155 [debug] [ThreadPool]: SQL status: OK in 0.000 seconds
[0m16:11:19.186240 [debug] [ThreadPool]: Using duckdb connection "list_trafficlens_main"
[0m16:11:19.186322 [debug] [ThreadPool]: On list_trafficlens_main: /* {"app": "dbt", "dbt_version": "1.11.4", "profile_name": "trafficlens_profile", "target_name": "dev", "connection_name": "list_trafficlens_main"} */
select
      'trafficlens' as database,
      table_name as name,
      table_schema as schema,
      CASE table_type
        WHEN 'BASE TABLE' THEN 'table'
        WHEN 'VIEW' THEN 'view'
        WHEN 'LOCAL TEMPORARY' THEN 'table'
        END as type
    from system.information_schema.tables
    where lower(table_schema) = 'main'
    and lower(table_catalog) = 'trafficlens'
  
[0m16:11:19.191321 [debug] [ThreadPool]: SQL status: OK in 0.005 seconds
[0m16:11:19.191794 [debug] [ThreadPool]: On list_trafficlens_main: ROLLBACK
[0m16:11:19.192243 [debug] [ThreadPool]: Failed to rollback 'list_trafficlens_main'
[0m16:11:19.192341 [debug] [ThreadPool]: On list_trafficlens_main: Close
[0m16:11:19.192546 [debug] [MainThread]: Sending event: {'category': 'dbt', 'action': 'runnable_timing', 'label': 'ffc62962-898c-465b-b9a8-01ea45d97cdb', 'context': [<snowplow_tracker.self_describing_json.SelfDescribingJson object at 0x117164e20>]}
[0m16:11:19.192707 [debug] [MainThread]: Using duckdb connection "master"
[0m16:11:19.192788 [debug] [MainThread]: On master: BEGIN
[0m16:11:19.192863 [debug] [MainThread]: Opening a new connection, currently in state init
[0m16:11:19.193042 [debug] [MainThread]: SQL status: OK in 0.000 seconds
[0m16:11:19.193126 [debug] [MainThread]: On master: COMMIT
[0m16:11:19.193202 [debug] [MainThread]: Using duckdb connection "master"
[0m16:11:19.193272 [debug] [MainThread]: On master: COMMIT
[0m16:11:19.193404 [debug] [MainThread]: SQL status: OK in 0.000 seconds
[0m16:11:19.193486 [debug] [MainThread]: On master: Close
[0m16:11:19.194213 [debug] [Thread-1 (]: Began running node model.trafficlens_dbt.stg_telemetry
[0m16:11:19.194395 [info ] [Thread-1 (]: 1 of 1 START sql external model main.stg_telemetry ............................. [RUN]
[0m16:11:19.194566 [debug] [Thread-1 (]: Re-using an available connection from the pool (formerly list_trafficlens_main, now model.trafficlens_dbt.stg_telemetry)
[0m16:11:19.194676 [debug] [Thread-1 (]: Began compiling node model.trafficlens_dbt.stg_telemetry
[0m16:11:19.197087 [debug] [Thread-1 (]: Writing injected SQL for node "model.trafficlens_dbt.stg_telemetry"
[0m16:11:19.197386 [debug] [Thread-1 (]: Began executing node model.trafficlens_dbt.stg_telemetry
[0m16:11:19.218246 [debug] [Thread-1 (]: Using duckdb connection "model.trafficlens_dbt.stg_telemetry"
[0m16:11:19.218422 [debug] [Thread-1 (]: On model.trafficlens_dbt.stg_telemetry: BEGIN
[0m16:11:19.218520 [debug] [Thread-1 (]: Opening a new connection, currently in state closed
[0m16:11:19.218793 [debug] [Thread-1 (]: SQL status: OK in 0.000 seconds
[0m16:11:19.218887 [debug] [Thread-1 (]: Using duckdb connection "model.trafficlens_dbt.stg_telemetry"
[0m16:11:19.218997 [debug] [Thread-1 (]: On model.trafficlens_dbt.stg_telemetry: /* {"app": "dbt", "dbt_version": "1.11.4", "profile_name": "trafficlens_profile", "target_name": "dev", "node_id": "model.trafficlens_dbt.stg_telemetry"} */

  
    
    

    create  table
      "trafficlens"."main"."stg_telemetry__dbt_tmp"
  
    as (
      

/*
    Silver Layer: Cleaned Telemetry
    - cast timestamps
    - remove null coordinates
    - add partitions (virtual)
*/

WITH source_data AS (
    SELECT * FROM read_csv_auto('/Users/anahiruiz/Documents/GitHub/trafficlens-data-lake/datalake/bronze/telemetry/*.csv')
),

cleaned AS (
    SELECT
        -- Parse Timestamp (handling possible formats if CSV varies, but we assume ISO from viofo_ocr.py)
        TRY_CAST(timestamp AS TIMESTAMP) as event_time,
        
        -- Geolocation
        CAST(latitude AS DOUBLE) as latitude,
        CAST(longitude AS DOUBLE) as longitude,
        
        -- Speed
        CAST(speed_kmh AS DOUBLE) as speed_kmh,
        
        -- Metadata
        raw_text,
        frame_filename,
        
        -- Derived columns
        filename as source_file
        
    FROM source_data
    WHERE latitude IS NOT NULL 
      AND longitude IS NOT NULL
)

SELECT * FROM cleaned
    );
  
  
[0m16:11:19.222330 [debug] [Thread-1 (]: DuckDB adapter: Error running SQL: /* {"app": "dbt", "dbt_version": "1.11.4", "profile_name": "trafficlens_profile", "target_name": "dev", "node_id": "model.trafficlens_dbt.stg_telemetry"} */

  
    
    

    create  table
      "trafficlens"."main"."stg_telemetry__dbt_tmp"
  
    as (
      

/*
    Silver Layer: Cleaned Telemetry
    - cast timestamps
    - remove null coordinates
    - add partitions (virtual)
*/

WITH source_data AS (
    SELECT * FROM read_csv_auto('/Users/anahiruiz/Documents/GitHub/trafficlens-data-lake/datalake/bronze/telemetry/*.csv')
),

cleaned AS (
    SELECT
        -- Parse Timestamp (handling possible formats if CSV varies, but we assume ISO from viofo_ocr.py)
        TRY_CAST(timestamp AS TIMESTAMP) as event_time,
        
        -- Geolocation
        CAST(latitude AS DOUBLE) as latitude,
        CAST(longitude AS DOUBLE) as longitude,
        
        -- Speed
        CAST(speed_kmh AS DOUBLE) as speed_kmh,
        
        -- Metadata
        raw_text,
        frame_filename,
        
        -- Derived columns
        filename as source_file
        
    FROM source_data
    WHERE latitude IS NOT NULL 
      AND longitude IS NOT NULL
)

SELECT * FROM cleaned
    );
  
  
[0m16:11:19.222455 [debug] [Thread-1 (]: DuckDB adapter: Rolling back transaction.
[0m16:11:19.222596 [debug] [Thread-1 (]: On model.trafficlens_dbt.stg_telemetry: ROLLBACK
[0m16:11:19.224690 [debug] [Thread-1 (]: Failed to rollback 'model.trafficlens_dbt.stg_telemetry'
[0m16:11:19.224815 [debug] [Thread-1 (]: On model.trafficlens_dbt.stg_telemetry: Close
[0m16:11:19.226159 [debug] [Thread-1 (]: Runtime Error in model stg_telemetry (models/silver/stg_telemetry.sql)
  Binder Error: Referenced column "filename" not found in FROM clause!
  Candidate bindings: "frame_filename", "timestamp", "longitude"
  
  LINE 41:         filename as source_file
                   ^
[0m16:11:19.226753 [debug] [Thread-1 (]: Sending event: {'category': 'dbt', 'action': 'run_model', 'label': 'ffc62962-898c-465b-b9a8-01ea45d97cdb', 'context': [<snowplow_tracker.self_describing_json.SelfDescribingJson object at 0x116e5a2d0>]}
[0m16:11:19.226983 [error] [Thread-1 (]: 1 of 1 ERROR creating sql external model main.stg_telemetry .................... [[31mERROR[0m in 0.03s]
[0m16:11:19.227200 [debug] [Thread-1 (]: Finished running node model.trafficlens_dbt.stg_telemetry
[0m16:11:19.227354 [debug] [Thread-4 (]: Marking all children of 'model.trafficlens_dbt.stg_telemetry' to be skipped because of status 'error'.  Reason: Runtime Error in model stg_telemetry (models/silver/stg_telemetry.sql)
  Binder Error: Referenced column "filename" not found in FROM clause!
  Candidate bindings: "frame_filename", "timestamp", "longitude"
  
  LINE 41:         filename as source_file
                   ^.
[0m16:11:19.228130 [debug] [MainThread]: Using duckdb connection "master"
[0m16:11:19.228244 [debug] [MainThread]: On master: BEGIN
[0m16:11:19.228326 [debug] [MainThread]: Opening a new connection, currently in state closed
[0m16:11:19.228511 [debug] [MainThread]: SQL status: OK in 0.000 seconds
[0m16:11:19.228592 [debug] [MainThread]: On master: COMMIT
[0m16:11:19.228670 [debug] [MainThread]: Using duckdb connection "master"
[0m16:11:19.228740 [debug] [MainThread]: On master: COMMIT
[0m16:11:19.228895 [debug] [MainThread]: SQL status: OK in 0.000 seconds
[0m16:11:19.228973 [debug] [MainThread]: On master: Close
[0m16:11:19.229073 [debug] [MainThread]: Connection 'master' was properly closed.
[0m16:11:19.229151 [debug] [MainThread]: Connection 'model.trafficlens_dbt.stg_telemetry' was properly closed.
[0m16:11:19.229234 [info ] [MainThread]: 
[0m16:11:19.229340 [info ] [MainThread]: Finished running 1 external model in 0 hours 0 minutes and 0.08 seconds (0.08s).
[0m16:11:19.229558 [debug] [MainThread]: Command end result
[0m16:11:19.237285 [debug] [MainThread]: Wrote artifact WritableManifest to /Users/anahiruiz/Documents/GitHub/trafficlens-data-lake/core/dbt_project/target/manifest.json
[0m16:11:19.237992 [debug] [MainThread]: Wrote artifact SemanticManifest to /Users/anahiruiz/Documents/GitHub/trafficlens-data-lake/core/dbt_project/target/semantic_manifest.json
[0m16:11:19.239965 [debug] [MainThread]: Wrote artifact RunExecutionResult to /Users/anahiruiz/Documents/GitHub/trafficlens-data-lake/core/dbt_project/target/run_results.json
[0m16:11:19.240069 [info ] [MainThread]: 
[0m16:11:19.240198 [info ] [MainThread]: [31mCompleted with 1 error, 0 partial successes, and 0 warnings:[0m
[0m16:11:19.240297 [info ] [MainThread]: 
[0m16:11:19.240418 [error] [MainThread]: [31mFailure in model stg_telemetry (models/silver/stg_telemetry.sql)[0m
[0m16:11:19.240537 [error] [MainThread]:   Runtime Error in model stg_telemetry (models/silver/stg_telemetry.sql)
  Binder Error: Referenced column "filename" not found in FROM clause!
  Candidate bindings: "frame_filename", "timestamp", "longitude"
  
  LINE 41:         filename as source_file
                   ^
[0m16:11:19.240628 [info ] [MainThread]: 
[0m16:11:19.240788 [info ] [MainThread]:   compiled code at target/compiled/trafficlens_dbt/models/silver/stg_telemetry.sql
[0m16:11:19.240877 [info ] [MainThread]: 
[0m16:11:19.240980 [info ] [MainThread]: Done. PASS=0 WARN=0 ERROR=1 SKIP=0 NO-OP=0 TOTAL=1
[0m16:11:19.242178 [debug] [MainThread]: Resource report: {"command_name": "run", "command_success": false, "command_wall_clock_time": 0.45119786, "process_in_blocks": "0", "process_kernel_time": 0.136847, "process_mem_max_rss": "168640512", "process_out_blocks": "0", "process_user_time": 0.835166}
[0m16:11:19.242336 [debug] [MainThread]: Command `dbt run` failed at 16:11:19.242307 after 0.45 seconds
[0m16:11:19.242462 [debug] [MainThread]: Sending event: {'category': 'dbt', 'action': 'invocation', 'label': 'end', 'context': [<snowplow_tracker.self_describing_json.SelfDescribingJson object at 0x116e0ac50>, <snowplow_tracker.self_describing_json.SelfDescribingJson object at 0x11133cc30>, <snowplow_tracker.self_describing_json.SelfDescribingJson object at 0x116e4d6d0>]}
[0m16:11:19.242597 [debug] [MainThread]: Flushing usage events
[0m16:11:22.785091 [debug] [MainThread]: An error was encountered while trying to flush usage events
[0m16:11:31.499438 [debug] [MainThread]: Sending event: {'category': 'dbt', 'action': 'invocation', 'label': 'start', 'context': [<snowplow_tracker.self_describing_json.SelfDescribingJson object at 0x104d6f230>, <snowplow_tracker.self_describing_json.SelfDescribingJson object at 0x1063cbd90>, <snowplow_tracker.self_describing_json.SelfDescribingJson object at 0x1063cbed0>]}


============================== 16:11:31.501247 | 1c165d46-92e1-4446-9ded-9677c9dba435 ==============================
[0m16:11:31.501247 [info ] [MainThread]: Running with dbt=1.11.4
[0m16:11:31.501508 [debug] [MainThread]: running dbt with arguments {'quiet': 'False', 'introspect': 'True', 'warn_error': 'None', 'indirect_selection': 'eager', 'printer_width': '80', 'cache_selected_only': 'False', 'warn_error_options': 'WarnErrorOptionsV2(error=[], warn=[], silence=[])', 'static_parser': 'True', 'use_colors': 'True', 'use_experimental_parser': 'False', 'log_format': 'default', 'version_check': 'True', 'partial_parse': 'True', 'write_json': 'True', 'no_print': 'None', 'invocation_command': 'dbt run --profiles-dir .', 'send_anonymous_usage_stats': 'True', 'log_cache_events': 'False', 'fail_fast': 'False', 'profiles_dir': '.', 'log_path': '/Users/anahiruiz/Documents/GitHub/trafficlens-data-lake/core/dbt_project/logs', 'target_path': 'None', 'empty': 'False', 'debug': 'False'}
[0m16:11:31.587672 [debug] [MainThread]: Sending event: {'category': 'dbt', 'action': 'project_id', 'label': '1c165d46-92e1-4446-9ded-9677c9dba435', 'context': [<snowplow_tracker.self_describing_json.SelfDescribingJson object at 0x1053c76f0>]}
[0m16:11:31.608716 [debug] [MainThread]: Sending event: {'category': 'dbt', 'action': 'adapter_info', 'label': '1c165d46-92e1-4446-9ded-9677c9dba435', 'context': [<snowplow_tracker.self_describing_json.SelfDescribingJson object at 0x1064fe140>]}
[0m16:11:31.609548 [info ] [MainThread]: Registered adapter: duckdb=1.10.0
[0m16:11:31.640955 [debug] [MainThread]: checksum: 092b177ba87eb6bb3c55954c38aa57900eebac336561eb9ee32218428aa81d43, vars: {}, profile: , target: , version: 1.11.4
[0m16:11:31.676188 [debug] [MainThread]: Partial parsing enabled: 0 files deleted, 0 files added, 0 files changed.
[0m16:11:31.676370 [debug] [MainThread]: Nothing changed, skipping partial parsing.
[0m16:11:31.676464 [debug] [MainThread]: Partial parsing enabled, no changes found, skipping parsing
[0m16:11:31.678741 [warn ] [MainThread]: [[33mWARNING[0m]: Configuration paths exist in your dbt_project.yml file which do not apply to any resources.
There are 1 unused configuration paths:
- models.trafficlens_dbt.gold
[0m16:11:31.687994 [debug] [MainThread]: Sending event: {'category': 'dbt', 'action': 'load_project', 'label': '1c165d46-92e1-4446-9ded-9677c9dba435', 'context': [<snowplow_tracker.self_describing_json.SelfDescribingJson object at 0x1064da750>]}
[0m16:11:31.710548 [debug] [MainThread]: Wrote artifact WritableManifest to /Users/anahiruiz/Documents/GitHub/trafficlens-data-lake/core/dbt_project/target/manifest.json
[0m16:11:31.711570 [debug] [MainThread]: Wrote artifact SemanticManifest to /Users/anahiruiz/Documents/GitHub/trafficlens-data-lake/core/dbt_project/target/semantic_manifest.json
[0m16:11:31.716745 [debug] [MainThread]: Sending event: {'category': 'dbt', 'action': 'resource_counts', 'label': '1c165d46-92e1-4446-9ded-9677c9dba435', 'context': [<snowplow_tracker.self_describing_json.SelfDescribingJson object at 0x107033c50>]}
[0m16:11:31.716923 [info ] [MainThread]: Found 1 model, 1 source, 472 macros
[0m16:11:31.717049 [debug] [MainThread]: Sending event: {'category': 'dbt', 'action': 'runnable_timing', 'label': '1c165d46-92e1-4446-9ded-9677c9dba435', 'context': [<snowplow_tracker.self_describing_json.SelfDescribingJson object at 0x10b96f070>]}
[0m16:11:31.717682 [info ] [MainThread]: 
[0m16:11:31.717804 [info ] [MainThread]: Concurrency: 1 threads (target='dev')
[0m16:11:31.717898 [info ] [MainThread]: 
[0m16:11:31.718086 [debug] [MainThread]: Acquiring new duckdb connection 'master'
[0m16:11:31.718408 [debug] [ThreadPool]: Acquiring new duckdb connection 'list_trafficlens'
[0m16:11:31.738444 [debug] [ThreadPool]: Using duckdb connection "list_trafficlens"
[0m16:11:31.738615 [debug] [ThreadPool]: On list_trafficlens: /* {"app": "dbt", "dbt_version": "1.11.4", "profile_name": "trafficlens_profile", "target_name": "dev", "connection_name": "list_trafficlens"} */

    
    select schema_name
    from system.information_schema.schemata
    
    where lower(catalog_name) = '"trafficlens"'
    
  
  
[0m16:11:31.738728 [debug] [ThreadPool]: Opening a new connection, currently in state init
[0m16:11:31.744173 [debug] [ThreadPool]: SQL status: OK in 0.005 seconds
[0m16:11:31.744745 [debug] [ThreadPool]: On list_trafficlens: Close
[0m16:11:31.745113 [debug] [ThreadPool]: Re-using an available connection from the pool (formerly list_trafficlens, now create_trafficlens_main)
[0m16:11:31.745293 [debug] [ThreadPool]: Creating schema "database: "trafficlens"
schema: "main"
"
[0m16:11:31.747507 [debug] [ThreadPool]: Using duckdb connection "create_trafficlens_main"
[0m16:11:31.747614 [debug] [ThreadPool]: On create_trafficlens_main: /* {"app": "dbt", "dbt_version": "1.11.4", "profile_name": "trafficlens_profile", "target_name": "dev", "connection_name": "create_trafficlens_main"} */

    
        select type from duckdb_databases()
        where lower(database_name)='trafficlens'
        and type='sqlite'
    
  
[0m16:11:31.747703 [debug] [ThreadPool]: Opening a new connection, currently in state closed
[0m16:11:31.748040 [debug] [ThreadPool]: SQL status: OK in 0.000 seconds
[0m16:11:31.748438 [debug] [ThreadPool]: Using duckdb connection "create_trafficlens_main"
[0m16:11:31.748523 [debug] [ThreadPool]: On create_trafficlens_main: BEGIN
[0m16:11:31.748674 [debug] [ThreadPool]: SQL status: OK in 0.000 seconds
[0m16:11:31.748755 [debug] [ThreadPool]: Using duckdb connection "create_trafficlens_main"
[0m16:11:31.748833 [debug] [ThreadPool]: On create_trafficlens_main: /* {"app": "dbt", "dbt_version": "1.11.4", "profile_name": "trafficlens_profile", "target_name": "dev", "connection_name": "create_trafficlens_main"} */

    
    
        create schema if not exists "trafficlens"."main"
    
[0m16:11:31.748990 [debug] [ThreadPool]: SQL status: OK in 0.000 seconds
[0m16:11:31.749222 [debug] [ThreadPool]: On create_trafficlens_main: COMMIT
[0m16:11:31.749307 [debug] [ThreadPool]: Using duckdb connection "create_trafficlens_main"
[0m16:11:31.749381 [debug] [ThreadPool]: On create_trafficlens_main: COMMIT
[0m16:11:31.749529 [debug] [ThreadPool]: SQL status: OK in 0.000 seconds
[0m16:11:31.749628 [debug] [ThreadPool]: On create_trafficlens_main: Close
[0m16:11:31.749982 [debug] [ThreadPool]: Re-using an available connection from the pool (formerly create_trafficlens_main, now list_trafficlens_main)
[0m16:11:31.751557 [debug] [ThreadPool]: Using duckdb connection "list_trafficlens_main"
[0m16:11:31.751676 [debug] [ThreadPool]: On list_trafficlens_main: BEGIN
[0m16:11:31.753584 [debug] [ThreadPool]: Opening a new connection, currently in state closed
[0m16:11:31.753814 [debug] [ThreadPool]: SQL status: OK in 0.000 seconds
[0m16:11:31.753911 [debug] [ThreadPool]: Using duckdb connection "list_trafficlens_main"
[0m16:11:31.754005 [debug] [ThreadPool]: On list_trafficlens_main: /* {"app": "dbt", "dbt_version": "1.11.4", "profile_name": "trafficlens_profile", "target_name": "dev", "connection_name": "list_trafficlens_main"} */
select
      'trafficlens' as database,
      table_name as name,
      table_schema as schema,
      CASE table_type
        WHEN 'BASE TABLE' THEN 'table'
        WHEN 'VIEW' THEN 'view'
        WHEN 'LOCAL TEMPORARY' THEN 'table'
        END as type
    from system.information_schema.tables
    where lower(table_schema) = 'main'
    and lower(table_catalog) = 'trafficlens'
  
[0m16:11:31.758648 [debug] [ThreadPool]: SQL status: OK in 0.005 seconds
[0m16:11:31.759092 [debug] [ThreadPool]: On list_trafficlens_main: ROLLBACK
[0m16:11:31.759558 [debug] [ThreadPool]: Failed to rollback 'list_trafficlens_main'
[0m16:11:31.759656 [debug] [ThreadPool]: On list_trafficlens_main: Close
[0m16:11:31.759862 [debug] [MainThread]: Sending event: {'category': 'dbt', 'action': 'runnable_timing', 'label': '1c165d46-92e1-4446-9ded-9677c9dba435', 'context': [<snowplow_tracker.self_describing_json.SelfDescribingJson object at 0x10bc70050>]}
[0m16:11:31.760015 [debug] [MainThread]: Using duckdb connection "master"
[0m16:11:31.760096 [debug] [MainThread]: On master: BEGIN
[0m16:11:31.760173 [debug] [MainThread]: Opening a new connection, currently in state init
[0m16:11:31.760334 [debug] [MainThread]: SQL status: OK in 0.000 seconds
[0m16:11:31.760426 [debug] [MainThread]: On master: COMMIT
[0m16:11:31.760515 [debug] [MainThread]: Using duckdb connection "master"
[0m16:11:31.760591 [debug] [MainThread]: On master: COMMIT
[0m16:11:31.760825 [debug] [MainThread]: SQL status: OK in 0.000 seconds
[0m16:11:31.760957 [debug] [MainThread]: On master: Close
[0m16:11:31.761833 [debug] [Thread-1 (]: Began running node model.trafficlens_dbt.stg_telemetry
[0m16:11:31.762037 [info ] [Thread-1 (]: 1 of 1 START sql external model main.stg_telemetry ............................. [RUN]
[0m16:11:31.762205 [debug] [Thread-1 (]: Re-using an available connection from the pool (formerly list_trafficlens_main, now model.trafficlens_dbt.stg_telemetry)
[0m16:11:31.762323 [debug] [Thread-1 (]: Began compiling node model.trafficlens_dbt.stg_telemetry
[0m16:11:31.764883 [debug] [Thread-1 (]: Writing injected SQL for node "model.trafficlens_dbt.stg_telemetry"
[0m16:11:31.765178 [debug] [Thread-1 (]: Began executing node model.trafficlens_dbt.stg_telemetry
[0m16:11:31.818217 [debug] [Thread-1 (]: Using duckdb connection "model.trafficlens_dbt.stg_telemetry"
[0m16:11:31.818425 [debug] [Thread-1 (]: On model.trafficlens_dbt.stg_telemetry: BEGIN
[0m16:11:31.818539 [debug] [Thread-1 (]: Opening a new connection, currently in state closed
[0m16:11:31.818856 [debug] [Thread-1 (]: SQL status: OK in 0.000 seconds
[0m16:11:31.818957 [debug] [Thread-1 (]: Using duckdb connection "model.trafficlens_dbt.stg_telemetry"
[0m16:11:31.819070 [debug] [Thread-1 (]: On model.trafficlens_dbt.stg_telemetry: /* {"app": "dbt", "dbt_version": "1.11.4", "profile_name": "trafficlens_profile", "target_name": "dev", "node_id": "model.trafficlens_dbt.stg_telemetry"} */

  
    
    

    create  table
      "trafficlens"."main"."stg_telemetry__dbt_tmp"
  
    as (
      

/*
    Silver Layer: Cleaned Telemetry
    - cast timestamps
    - remove null coordinates
    - add partitions (virtual)
*/

WITH source_data AS (
    SELECT * FROM read_csv_auto('/Users/anahiruiz/Documents/GitHub/trafficlens-data-lake/datalake/bronze/telemetry/*.csv')
),

cleaned AS (
    SELECT
        -- Parse Timestamp (handling possible formats if CSV varies, but we assume ISO from viofo_ocr.py)
        TRY_CAST(timestamp AS TIMESTAMP) as event_time,
        
        -- Geolocation
        CAST(latitude AS DOUBLE) as latitude,
        CAST(longitude AS DOUBLE) as longitude,
        
        -- Speed
        CAST(speed_kmh AS DOUBLE) as speed_kmh,
        
        -- Metadata
        raw_text,
        frame_filename,
        
        -- Derived columns
        filename as source_file
        
    FROM source_data
    WHERE latitude IS NOT NULL 
      AND longitude IS NOT NULL
)

SELECT * FROM cleaned
    );
  
  
[0m16:11:31.822162 [debug] [Thread-1 (]: DuckDB adapter: Error running SQL: /* {"app": "dbt", "dbt_version": "1.11.4", "profile_name": "trafficlens_profile", "target_name": "dev", "node_id": "model.trafficlens_dbt.stg_telemetry"} */

  
    
    

    create  table
      "trafficlens"."main"."stg_telemetry__dbt_tmp"
  
    as (
      

/*
    Silver Layer: Cleaned Telemetry
    - cast timestamps
    - remove null coordinates
    - add partitions (virtual)
*/

WITH source_data AS (
    SELECT * FROM read_csv_auto('/Users/anahiruiz/Documents/GitHub/trafficlens-data-lake/datalake/bronze/telemetry/*.csv')
),

cleaned AS (
    SELECT
        -- Parse Timestamp (handling possible formats if CSV varies, but we assume ISO from viofo_ocr.py)
        TRY_CAST(timestamp AS TIMESTAMP) as event_time,
        
        -- Geolocation
        CAST(latitude AS DOUBLE) as latitude,
        CAST(longitude AS DOUBLE) as longitude,
        
        -- Speed
        CAST(speed_kmh AS DOUBLE) as speed_kmh,
        
        -- Metadata
        raw_text,
        frame_filename,
        
        -- Derived columns
        filename as source_file
        
    FROM source_data
    WHERE latitude IS NOT NULL 
      AND longitude IS NOT NULL
)

SELECT * FROM cleaned
    );
  
  
[0m16:11:31.822341 [debug] [Thread-1 (]: DuckDB adapter: Rolling back transaction.
[0m16:11:31.822494 [debug] [Thread-1 (]: On model.trafficlens_dbt.stg_telemetry: ROLLBACK
[0m16:11:31.824536 [debug] [Thread-1 (]: Failed to rollback 'model.trafficlens_dbt.stg_telemetry'
[0m16:11:31.824657 [debug] [Thread-1 (]: On model.trafficlens_dbt.stg_telemetry: Close
[0m16:11:31.825961 [debug] [Thread-1 (]: Runtime Error in model stg_telemetry (models/silver/stg_telemetry.sql)
  Binder Error: Referenced column "filename" not found in FROM clause!
  Candidate bindings: "frame_filename", "timestamp", "longitude"
  
  LINE 41:         filename as source_file
                   ^
[0m16:11:31.826748 [debug] [Thread-1 (]: Sending event: {'category': 'dbt', 'action': 'run_model', 'label': '1c165d46-92e1-4446-9ded-9677c9dba435', 'context': [<snowplow_tracker.self_describing_json.SelfDescribingJson object at 0x10bd09190>]}
[0m16:11:31.827052 [error] [Thread-1 (]: 1 of 1 ERROR creating sql external model main.stg_telemetry .................... [[31mERROR[0m in 0.06s]
[0m16:11:31.827296 [debug] [Thread-1 (]: Finished running node model.trafficlens_dbt.stg_telemetry
[0m16:11:31.827469 [debug] [Thread-4 (]: Marking all children of 'model.trafficlens_dbt.stg_telemetry' to be skipped because of status 'error'.  Reason: Runtime Error in model stg_telemetry (models/silver/stg_telemetry.sql)
  Binder Error: Referenced column "filename" not found in FROM clause!
  Candidate bindings: "frame_filename", "timestamp", "longitude"
  
  LINE 41:         filename as source_file
                   ^.
[0m16:11:31.828174 [debug] [MainThread]: Using duckdb connection "master"
[0m16:11:31.828348 [debug] [MainThread]: On master: BEGIN
[0m16:11:31.828490 [debug] [MainThread]: Opening a new connection, currently in state closed
[0m16:11:31.828760 [debug] [MainThread]: SQL status: OK in 0.000 seconds
[0m16:11:31.828863 [debug] [MainThread]: On master: COMMIT
[0m16:11:31.828943 [debug] [MainThread]: Using duckdb connection "master"
[0m16:11:31.829019 [debug] [MainThread]: On master: COMMIT
[0m16:11:31.829161 [debug] [MainThread]: SQL status: OK in 0.000 seconds
[0m16:11:31.829246 [debug] [MainThread]: On master: Close
[0m16:11:31.829357 [debug] [MainThread]: Connection 'master' was properly closed.
[0m16:11:31.829443 [debug] [MainThread]: Connection 'model.trafficlens_dbt.stg_telemetry' was properly closed.
[0m16:11:31.829543 [info ] [MainThread]: 
[0m16:11:31.829658 [info ] [MainThread]: Finished running 1 external model in 0 hours 0 minutes and 0.11 seconds (0.11s).
[0m16:11:31.829894 [debug] [MainThread]: Command end result
[0m16:11:31.836441 [debug] [MainThread]: Wrote artifact WritableManifest to /Users/anahiruiz/Documents/GitHub/trafficlens-data-lake/core/dbt_project/target/manifest.json
[0m16:11:31.837308 [debug] [MainThread]: Wrote artifact SemanticManifest to /Users/anahiruiz/Documents/GitHub/trafficlens-data-lake/core/dbt_project/target/semantic_manifest.json
[0m16:11:31.839368 [debug] [MainThread]: Wrote artifact RunExecutionResult to /Users/anahiruiz/Documents/GitHub/trafficlens-data-lake/core/dbt_project/target/run_results.json
[0m16:11:31.839494 [info ] [MainThread]: 
[0m16:11:31.839636 [info ] [MainThread]: [31mCompleted with 1 error, 0 partial successes, and 0 warnings:[0m
[0m16:11:31.839744 [info ] [MainThread]: 
[0m16:11:31.839873 [error] [MainThread]: [31mFailure in model stg_telemetry (models/silver/stg_telemetry.sql)[0m
[0m16:11:31.839996 [error] [MainThread]:   Runtime Error in model stg_telemetry (models/silver/stg_telemetry.sql)
  Binder Error: Referenced column "filename" not found in FROM clause!
  Candidate bindings: "frame_filename", "timestamp", "longitude"
  
  LINE 41:         filename as source_file
                   ^
[0m16:11:31.840090 [info ] [MainThread]: 
[0m16:11:31.840194 [info ] [MainThread]:   compiled code at target/compiled/trafficlens_dbt/models/silver/stg_telemetry.sql
[0m16:11:31.840287 [info ] [MainThread]: 
[0m16:11:31.840393 [info ] [MainThread]: Done. PASS=0 WARN=0 ERROR=1 SKIP=0 NO-OP=0 TOTAL=1
[0m16:11:31.841529 [debug] [MainThread]: Resource report: {"command_name": "run", "command_success": false, "command_wall_clock_time": 0.3689941, "process_in_blocks": "0", "process_kernel_time": 0.136559, "process_mem_max_rss": "163135488", "process_out_blocks": "0", "process_user_time": 0.753038}
[0m16:11:31.841675 [debug] [MainThread]: Command `dbt run` failed at 16:11:31.841645 after 0.37 seconds
[0m16:11:31.841798 [debug] [MainThread]: Sending event: {'category': 'dbt', 'action': 'invocation', 'label': 'end', 'context': [<snowplow_tracker.self_describing_json.SelfDescribingJson object at 0x10b9d20a0>, <snowplow_tracker.self_describing_json.SelfDescribingJson object at 0x10bd3fe30>, <snowplow_tracker.self_describing_json.SelfDescribingJson object at 0x10bd3ff70>]}
[0m16:11:31.841907 [debug] [MainThread]: Flushing usage events
[0m16:11:32.191171 [debug] [MainThread]: An error was encountered while trying to flush usage events
[0m16:12:14.376347 [debug] [MainThread]: Sending event: {'category': 'dbt', 'action': 'invocation', 'label': 'start', 'context': [<snowplow_tracker.self_describing_json.SelfDescribingJson object at 0x10536f230>, <snowplow_tracker.self_describing_json.SelfDescribingJson object at 0x106bcbd90>, <snowplow_tracker.self_describing_json.SelfDescribingJson object at 0x106bcbed0>]}


============================== 16:12:14.378680 | c0d2dfd2-e3ab-469a-844c-859c9d7733cd ==============================
[0m16:12:14.378680 [info ] [MainThread]: Running with dbt=1.11.4
[0m16:12:14.378936 [debug] [MainThread]: running dbt with arguments {'use_experimental_parser': 'False', 'static_parser': 'True', 'introspect': 'True', 'cache_selected_only': 'False', 'version_check': 'True', 'printer_width': '80', 'profiles_dir': '.', 'fail_fast': 'False', 'log_format': 'default', 'warn_error_options': 'WarnErrorOptionsV2(error=[], warn=[], silence=[])', 'warn_error': 'None', 'invocation_command': 'dbt run --profiles-dir .', 'empty': 'False', 'target_path': 'None', 'send_anonymous_usage_stats': 'True', 'quiet': 'False', 'indirect_selection': 'eager', 'log_cache_events': 'False', 'partial_parse': 'True', 'write_json': 'True', 'no_print': 'None', 'debug': 'False', 'log_path': '/Users/anahiruiz/Documents/GitHub/trafficlens-data-lake/core/dbt_project/logs', 'use_colors': 'True'}
[0m16:12:14.453985 [debug] [MainThread]: Sending event: {'category': 'dbt', 'action': 'project_id', 'label': 'c0d2dfd2-e3ab-469a-844c-859c9d7733cd', 'context': [<snowplow_tracker.self_describing_json.SelfDescribingJson object at 0x1059c76f0>]}
[0m16:12:14.475752 [debug] [MainThread]: Sending event: {'category': 'dbt', 'action': 'adapter_info', 'label': 'c0d2dfd2-e3ab-469a-844c-859c9d7733cd', 'context': [<snowplow_tracker.self_describing_json.SelfDescribingJson object at 0x106cfa140>]}
[0m16:12:14.476621 [info ] [MainThread]: Registered adapter: duckdb=1.10.0
[0m16:12:14.508344 [debug] [MainThread]: checksum: 092b177ba87eb6bb3c55954c38aa57900eebac336561eb9ee32218428aa81d43, vars: {}, profile: , target: , version: 1.11.4
[0m16:12:14.543532 [debug] [MainThread]: Partial parsing enabled: 0 files deleted, 0 files added, 1 files changed.
[0m16:12:14.543820 [debug] [MainThread]: Partial parsing: updated file: trafficlens_dbt://models/silver/stg_telemetry.sql
[0m16:12:14.623179 [warn ] [MainThread]: [[33mWARNING[0m]: Configuration paths exist in your dbt_project.yml file which do not apply to any resources.
There are 1 unused configuration paths:
- models.trafficlens_dbt.gold
[0m16:12:14.627650 [debug] [MainThread]: Sending event: {'category': 'dbt', 'action': 'load_project', 'label': 'c0d2dfd2-e3ab-469a-844c-859c9d7733cd', 'context': [<snowplow_tracker.self_describing_json.SelfDescribingJson object at 0x106cd6750>]}
[0m16:12:14.677230 [debug] [MainThread]: Wrote artifact WritableManifest to /Users/anahiruiz/Documents/GitHub/trafficlens-data-lake/core/dbt_project/target/manifest.json
[0m16:12:14.678086 [debug] [MainThread]: Wrote artifact SemanticManifest to /Users/anahiruiz/Documents/GitHub/trafficlens-data-lake/core/dbt_project/target/semantic_manifest.json
[0m16:12:14.683045 [debug] [MainThread]: Sending event: {'category': 'dbt', 'action': 'resource_counts', 'label': 'c0d2dfd2-e3ab-469a-844c-859c9d7733cd', 'context': [<snowplow_tracker.self_describing_json.SelfDescribingJson object at 0x110033c50>]}
[0m16:12:14.683214 [info ] [MainThread]: Found 1 model, 1 source, 472 macros
[0m16:12:14.683346 [debug] [MainThread]: Sending event: {'category': 'dbt', 'action': 'runnable_timing', 'label': 'c0d2dfd2-e3ab-469a-844c-859c9d7733cd', 'context': [<snowplow_tracker.self_describing_json.SelfDescribingJson object at 0x1101027b0>]}
[0m16:12:14.683924 [info ] [MainThread]: 
[0m16:12:14.684054 [info ] [MainThread]: Concurrency: 1 threads (target='dev')
[0m16:12:14.684154 [info ] [MainThread]: 
[0m16:12:14.684338 [debug] [MainThread]: Acquiring new duckdb connection 'master'
[0m16:12:14.684645 [debug] [ThreadPool]: Acquiring new duckdb connection 'list_trafficlens'
[0m16:12:14.704392 [debug] [ThreadPool]: Using duckdb connection "list_trafficlens"
[0m16:12:14.704582 [debug] [ThreadPool]: On list_trafficlens: /* {"app": "dbt", "dbt_version": "1.11.4", "profile_name": "trafficlens_profile", "target_name": "dev", "connection_name": "list_trafficlens"} */

    
    select schema_name
    from system.information_schema.schemata
    
    where lower(catalog_name) = '"trafficlens"'
    
  
  
[0m16:12:14.704685 [debug] [ThreadPool]: Opening a new connection, currently in state init
[0m16:12:14.709932 [debug] [ThreadPool]: SQL status: OK in 0.005 seconds
[0m16:12:14.710805 [debug] [ThreadPool]: On list_trafficlens: Close
[0m16:12:14.711159 [debug] [ThreadPool]: Re-using an available connection from the pool (formerly list_trafficlens, now create_trafficlens_main)
[0m16:12:14.711400 [debug] [ThreadPool]: Creating schema "database: "trafficlens"
schema: "main"
"
[0m16:12:14.713734 [debug] [ThreadPool]: Using duckdb connection "create_trafficlens_main"
[0m16:12:14.713863 [debug] [ThreadPool]: On create_trafficlens_main: /* {"app": "dbt", "dbt_version": "1.11.4", "profile_name": "trafficlens_profile", "target_name": "dev", "connection_name": "create_trafficlens_main"} */

    
        select type from duckdb_databases()
        where lower(database_name)='trafficlens'
        and type='sqlite'
    
  
[0m16:12:14.713956 [debug] [ThreadPool]: Opening a new connection, currently in state closed
[0m16:12:14.714445 [debug] [ThreadPool]: SQL status: OK in 0.000 seconds
[0m16:12:14.714851 [debug] [ThreadPool]: Using duckdb connection "create_trafficlens_main"
[0m16:12:14.714941 [debug] [ThreadPool]: On create_trafficlens_main: BEGIN
[0m16:12:14.715116 [debug] [ThreadPool]: SQL status: OK in 0.000 seconds
[0m16:12:14.715195 [debug] [ThreadPool]: Using duckdb connection "create_trafficlens_main"
[0m16:12:14.715271 [debug] [ThreadPool]: On create_trafficlens_main: /* {"app": "dbt", "dbt_version": "1.11.4", "profile_name": "trafficlens_profile", "target_name": "dev", "connection_name": "create_trafficlens_main"} */

    
    
        create schema if not exists "trafficlens"."main"
    
[0m16:12:14.715429 [debug] [ThreadPool]: SQL status: OK in 0.000 seconds
[0m16:12:14.715658 [debug] [ThreadPool]: On create_trafficlens_main: COMMIT
[0m16:12:14.715744 [debug] [ThreadPool]: Using duckdb connection "create_trafficlens_main"
[0m16:12:14.715820 [debug] [ThreadPool]: On create_trafficlens_main: COMMIT
[0m16:12:14.715982 [debug] [ThreadPool]: SQL status: OK in 0.000 seconds
[0m16:12:14.716093 [debug] [ThreadPool]: On create_trafficlens_main: Close
[0m16:12:14.716452 [debug] [ThreadPool]: Re-using an available connection from the pool (formerly create_trafficlens_main, now list_trafficlens_main)
[0m16:12:14.718296 [debug] [ThreadPool]: Using duckdb connection "list_trafficlens_main"
[0m16:12:14.718419 [debug] [ThreadPool]: On list_trafficlens_main: BEGIN
[0m16:12:14.718517 [debug] [ThreadPool]: Opening a new connection, currently in state closed
[0m16:12:14.718831 [debug] [ThreadPool]: SQL status: OK in 0.000 seconds
[0m16:12:14.718917 [debug] [ThreadPool]: Using duckdb connection "list_trafficlens_main"
[0m16:12:14.719030 [debug] [ThreadPool]: On list_trafficlens_main: /* {"app": "dbt", "dbt_version": "1.11.4", "profile_name": "trafficlens_profile", "target_name": "dev", "connection_name": "list_trafficlens_main"} */
select
      'trafficlens' as database,
      table_name as name,
      table_schema as schema,
      CASE table_type
        WHEN 'BASE TABLE' THEN 'table'
        WHEN 'VIEW' THEN 'view'
        WHEN 'LOCAL TEMPORARY' THEN 'table'
        END as type
    from system.information_schema.tables
    where lower(table_schema) = 'main'
    and lower(table_catalog) = 'trafficlens'
  
[0m16:12:14.723800 [debug] [ThreadPool]: SQL status: OK in 0.005 seconds
[0m16:12:14.724348 [debug] [ThreadPool]: On list_trafficlens_main: ROLLBACK
[0m16:12:14.724854 [debug] [ThreadPool]: Failed to rollback 'list_trafficlens_main'
[0m16:12:14.724953 [debug] [ThreadPool]: On list_trafficlens_main: Close
[0m16:12:14.725195 [debug] [MainThread]: Sending event: {'category': 'dbt', 'action': 'runnable_timing', 'label': 'c0d2dfd2-e3ab-469a-844c-859c9d7733cd', 'context': [<snowplow_tracker.self_describing_json.SelfDescribingJson object at 0x1107d3930>]}
[0m16:12:14.725383 [debug] [MainThread]: Using duckdb connection "master"
[0m16:12:14.725479 [debug] [MainThread]: On master: BEGIN
[0m16:12:14.725565 [debug] [MainThread]: Opening a new connection, currently in state init
[0m16:12:14.725777 [debug] [MainThread]: SQL status: OK in 0.000 seconds
[0m16:12:14.725861 [debug] [MainThread]: On master: COMMIT
[0m16:12:14.725952 [debug] [MainThread]: Using duckdb connection "master"
[0m16:12:14.726028 [debug] [MainThread]: On master: COMMIT
[0m16:12:14.726168 [debug] [MainThread]: SQL status: OK in 0.000 seconds
[0m16:12:14.726257 [debug] [MainThread]: On master: Close
[0m16:12:14.727317 [debug] [Thread-1 (]: Began running node model.trafficlens_dbt.stg_telemetry
[0m16:12:14.727538 [info ] [Thread-1 (]: 1 of 1 START sql external model main.stg_telemetry ............................. [RUN]
[0m16:12:14.727701 [debug] [Thread-1 (]: Re-using an available connection from the pool (formerly list_trafficlens_main, now model.trafficlens_dbt.stg_telemetry)
[0m16:12:14.727810 [debug] [Thread-1 (]: Began compiling node model.trafficlens_dbt.stg_telemetry
[0m16:12:14.730346 [debug] [Thread-1 (]: Writing injected SQL for node "model.trafficlens_dbt.stg_telemetry"
[0m16:12:14.730677 [debug] [Thread-1 (]: Began executing node model.trafficlens_dbt.stg_telemetry
[0m16:12:14.751352 [debug] [Thread-1 (]: Using duckdb connection "model.trafficlens_dbt.stg_telemetry"
[0m16:12:14.751543 [debug] [Thread-1 (]: On model.trafficlens_dbt.stg_telemetry: BEGIN
[0m16:12:14.751645 [debug] [Thread-1 (]: Opening a new connection, currently in state closed
[0m16:12:14.752028 [debug] [Thread-1 (]: SQL status: OK in 0.000 seconds
[0m16:12:14.752151 [debug] [Thread-1 (]: Using duckdb connection "model.trafficlens_dbt.stg_telemetry"
[0m16:12:14.752270 [debug] [Thread-1 (]: On model.trafficlens_dbt.stg_telemetry: /* {"app": "dbt", "dbt_version": "1.11.4", "profile_name": "trafficlens_profile", "target_name": "dev", "node_id": "model.trafficlens_dbt.stg_telemetry"} */

  
    
    

    create  table
      "trafficlens"."main"."stg_telemetry__dbt_tmp"
  
    as (
      

/*
    Silver Layer: Cleaned Telemetry
    - cast timestamps
    - remove null coordinates
    - add partitions (virtual)
*/

WITH source_data AS (
    SELECT * FROM read_csv_auto('/Users/anahiruiz/Documents/GitHub/trafficlens-data-lake/datalake/bronze/telemetry/*.csv')
),

cleaned AS (
    SELECT
        -- Parse Timestamp (handling possible formats if CSV varies, but we assume ISO from viofo_ocr.py)
        TRY_CAST(timestamp AS TIMESTAMP) as event_time,
        
        -- Geolocation
        CAST(latitude AS DOUBLE) as latitude,
        CAST(longitude AS DOUBLE) as longitude,
        
        -- Speed
        CAST(speed_kmh AS DOUBLE) as speed_kmh,
        
        -- Metadata
        raw_text,
        frame_filename
        
    FROM source_data
    WHERE latitude IS NOT NULL 
      AND longitude IS NOT NULL
)

SELECT * FROM cleaned
    );
  
  
[0m16:12:14.755719 [debug] [Thread-1 (]: SQL status: OK in 0.003 seconds
[0m16:12:14.756115 [debug] [Thread-1 (]: Using duckdb connection "model.trafficlens_dbt.stg_telemetry"
[0m16:12:14.756224 [debug] [Thread-1 (]: On model.trafficlens_dbt.stg_telemetry: /* {"app": "dbt", "dbt_version": "1.11.4", "profile_name": "trafficlens_profile", "target_name": "dev", "node_id": "model.trafficlens_dbt.stg_telemetry"} */

    select count(*) as row_count from "trafficlens"."main"."stg_telemetry__dbt_tmp"
  
[0m16:12:14.756534 [debug] [Thread-1 (]: SQL status: OK in 0.000 seconds
[0m16:12:14.756997 [debug] [Thread-1 (]: Writing runtime sql for node "model.trafficlens_dbt.stg_telemetry"
[0m16:12:14.757231 [debug] [Thread-1 (]: Using duckdb connection "model.trafficlens_dbt.stg_telemetry"
[0m16:12:14.757340 [debug] [Thread-1 (]: On model.trafficlens_dbt.stg_telemetry: /* {"app": "dbt", "dbt_version": "1.11.4", "profile_name": "trafficlens_profile", "target_name": "dev", "node_id": "model.trafficlens_dbt.stg_telemetry"} */

[0m16:12:14.757452 [debug] [Thread-1 (]: SQL status: OK in 0.000 seconds
[0m16:12:14.758287 [debug] [Thread-1 (]: Using duckdb connection "model.trafficlens_dbt.stg_telemetry"
[0m16:12:14.758392 [debug] [Thread-1 (]: On model.trafficlens_dbt.stg_telemetry: /* {"app": "dbt", "dbt_version": "1.11.4", "profile_name": "trafficlens_profile", "target_name": "dev", "node_id": "model.trafficlens_dbt.stg_telemetry"} */
copy "trafficlens"."main"."stg_telemetry__dbt_tmp" to '../../../datalake/silver/telemetry.parquet' (format parquet)
[0m16:12:14.759346 [debug] [Thread-1 (]: DuckDB adapter: Error running SQL: /* {"app": "dbt", "dbt_version": "1.11.4", "profile_name": "trafficlens_profile", "target_name": "dev", "node_id": "model.trafficlens_dbt.stg_telemetry"} */
copy "trafficlens"."main"."stg_telemetry__dbt_tmp" to '../../../datalake/silver/telemetry.parquet' (format parquet)
[0m16:12:14.759452 [debug] [Thread-1 (]: DuckDB adapter: Rolling back transaction.
[0m16:12:14.759588 [debug] [Thread-1 (]: On model.trafficlens_dbt.stg_telemetry: ROLLBACK
[0m16:12:14.762114 [debug] [Thread-1 (]: Failed to rollback 'model.trafficlens_dbt.stg_telemetry'
[0m16:12:14.762237 [debug] [Thread-1 (]: On model.trafficlens_dbt.stg_telemetry: Close
[0m16:12:14.763745 [debug] [Thread-1 (]: Runtime Error in model stg_telemetry (models/silver/stg_telemetry.sql)
  IO Error: Cannot open file "../../../datalake/silver/telemetry.parquet": No such file or directory
[0m16:12:14.764333 [debug] [Thread-1 (]: Sending event: {'category': 'dbt', 'action': 'run_model', 'label': 'c0d2dfd2-e3ab-469a-844c-859c9d7733cd', 'context': [<snowplow_tracker.self_describing_json.SelfDescribingJson object at 0x11091df10>]}
[0m16:12:14.764544 [error] [Thread-1 (]: 1 of 1 ERROR creating sql external model main.stg_telemetry .................... [[31mERROR[0m in 0.04s]
[0m16:12:14.764740 [debug] [Thread-1 (]: Finished running node model.trafficlens_dbt.stg_telemetry
[0m16:12:14.764910 [debug] [Thread-4 (]: Marking all children of 'model.trafficlens_dbt.stg_telemetry' to be skipped because of status 'error'.  Reason: Runtime Error in model stg_telemetry (models/silver/stg_telemetry.sql)
  IO Error: Cannot open file "../../../datalake/silver/telemetry.parquet": No such file or directory.
[0m16:12:14.765624 [debug] [MainThread]: Using duckdb connection "master"
[0m16:12:14.765748 [debug] [MainThread]: On master: BEGIN
[0m16:12:14.765842 [debug] [MainThread]: Opening a new connection, currently in state closed
[0m16:12:14.766066 [debug] [MainThread]: SQL status: OK in 0.000 seconds
[0m16:12:14.766148 [debug] [MainThread]: On master: COMMIT
[0m16:12:14.766227 [debug] [MainThread]: Using duckdb connection "master"
[0m16:12:14.766307 [debug] [MainThread]: On master: COMMIT
[0m16:12:14.766464 [debug] [MainThread]: SQL status: OK in 0.000 seconds
[0m16:12:14.766543 [debug] [MainThread]: On master: Close
[0m16:12:14.766649 [debug] [MainThread]: Connection 'master' was properly closed.
[0m16:12:14.766725 [debug] [MainThread]: Connection 'model.trafficlens_dbt.stg_telemetry' was properly closed.
[0m16:12:14.766809 [info ] [MainThread]: 
[0m16:12:14.766911 [info ] [MainThread]: Finished running 1 external model in 0 hours 0 minutes and 0.08 seconds (0.08s).
[0m16:12:14.767119 [debug] [MainThread]: Command end result
[0m16:12:14.773650 [debug] [MainThread]: Wrote artifact WritableManifest to /Users/anahiruiz/Documents/GitHub/trafficlens-data-lake/core/dbt_project/target/manifest.json
[0m16:12:14.774398 [debug] [MainThread]: Wrote artifact SemanticManifest to /Users/anahiruiz/Documents/GitHub/trafficlens-data-lake/core/dbt_project/target/semantic_manifest.json
[0m16:12:14.776428 [debug] [MainThread]: Wrote artifact RunExecutionResult to /Users/anahiruiz/Documents/GitHub/trafficlens-data-lake/core/dbt_project/target/run_results.json
[0m16:12:14.776547 [info ] [MainThread]: 
[0m16:12:14.776682 [info ] [MainThread]: [31mCompleted with 1 error, 0 partial successes, and 0 warnings:[0m
[0m16:12:14.776836 [info ] [MainThread]: 
[0m16:12:14.777271 [error] [MainThread]: [31mFailure in model stg_telemetry (models/silver/stg_telemetry.sql)[0m
[0m16:12:14.777431 [error] [MainThread]:   Runtime Error in model stg_telemetry (models/silver/stg_telemetry.sql)
  IO Error: Cannot open file "../../../datalake/silver/telemetry.parquet": No such file or directory
[0m16:12:14.777558 [info ] [MainThread]: 
[0m16:12:14.777713 [info ] [MainThread]:   compiled code at target/compiled/trafficlens_dbt/models/silver/stg_telemetry.sql
[0m16:12:14.777838 [info ] [MainThread]: 
[0m16:12:14.777959 [info ] [MainThread]: Done. PASS=0 WARN=0 ERROR=1 SKIP=0 NO-OP=0 TOTAL=1
[0m16:12:14.779221 [debug] [MainThread]: Resource report: {"command_name": "run", "command_success": false, "command_wall_clock_time": 0.43041363, "process_in_blocks": "0", "process_kernel_time": 0.141568, "process_mem_max_rss": "166559744", "process_out_blocks": "0", "process_user_time": 0.815145}
[0m16:12:14.779409 [debug] [MainThread]: Command `dbt run` failed at 16:12:14.779369 after 0.43 seconds
[0m16:12:14.779561 [debug] [MainThread]: Sending event: {'category': 'dbt', 'action': 'invocation', 'label': 'end', 'context': [<snowplow_tracker.self_describing_json.SelfDescribingJson object at 0x110596150>, <snowplow_tracker.self_describing_json.SelfDescribingJson object at 0x110ae3250>, <snowplow_tracker.self_describing_json.SelfDescribingJson object at 0x110ae31b0>]}
[0m16:12:14.779689 [debug] [MainThread]: Flushing usage events
[0m16:12:15.130772 [debug] [MainThread]: An error was encountered while trying to flush usage events
[0m16:12:34.183586 [debug] [MainThread]: Sending event: {'category': 'dbt', 'action': 'invocation', 'label': 'start', 'context': [<snowplow_tracker.self_describing_json.SelfDescribingJson object at 0x103e6f230>, <snowplow_tracker.self_describing_json.SelfDescribingJson object at 0x1053abd90>, <snowplow_tracker.self_describing_json.SelfDescribingJson object at 0x1053abed0>]}


============================== 16:12:34.185424 | 0860816b-0820-4e00-b894-e731ca1b4892 ==============================
[0m16:12:34.185424 [info ] [MainThread]: Running with dbt=1.11.4
[0m16:12:34.185673 [debug] [MainThread]: running dbt with arguments {'no_print': 'None', 'write_json': 'True', 'invocation_command': 'dbt run --profiles-dir .', 'partial_parse': 'True', 'debug': 'False', 'use_experimental_parser': 'False', 'empty': 'False', 'send_anonymous_usage_stats': 'True', 'cache_selected_only': 'False', 'log_path': '/Users/anahiruiz/Documents/GitHub/trafficlens-data-lake/core/dbt_project/logs', 'indirect_selection': 'eager', 'printer_width': '80', 'log_format': 'default', 'fail_fast': 'False', 'warn_error_options': 'WarnErrorOptionsV2(error=[], warn=[], silence=[])', 'static_parser': 'True', 'target_path': 'None', 'introspect': 'True', 'warn_error': 'None', 'use_colors': 'True', 'quiet': 'False', 'log_cache_events': 'False', 'profiles_dir': '.', 'version_check': 'True'}
[0m16:12:34.262701 [debug] [MainThread]: Sending event: {'category': 'dbt', 'action': 'project_id', 'label': '0860816b-0820-4e00-b894-e731ca1b4892', 'context': [<snowplow_tracker.self_describing_json.SelfDescribingJson object at 0x1046a76f0>]}
[0m16:12:34.284092 [debug] [MainThread]: Sending event: {'category': 'dbt', 'action': 'adapter_info', 'label': '0860816b-0820-4e00-b894-e731ca1b4892', 'context': [<snowplow_tracker.self_describing_json.SelfDescribingJson object at 0x1054de140>]}
[0m16:12:34.284897 [info ] [MainThread]: Registered adapter: duckdb=1.10.0
[0m16:12:34.316921 [debug] [MainThread]: checksum: 092b177ba87eb6bb3c55954c38aa57900eebac336561eb9ee32218428aa81d43, vars: {}, profile: , target: , version: 1.11.4
[0m16:12:34.352072 [debug] [MainThread]: Partial parsing enabled: 0 files deleted, 0 files added, 0 files changed.
[0m16:12:34.352260 [debug] [MainThread]: Nothing changed, skipping partial parsing.
[0m16:12:34.352371 [debug] [MainThread]: Partial parsing enabled, no changes found, skipping parsing
[0m16:12:34.354535 [warn ] [MainThread]: [[33mWARNING[0m]: Configuration paths exist in your dbt_project.yml file which do not apply to any resources.
There are 1 unused configuration paths:
- models.trafficlens_dbt.gold
[0m16:12:34.364372 [debug] [MainThread]: Sending event: {'category': 'dbt', 'action': 'load_project', 'label': '0860816b-0820-4e00-b894-e731ca1b4892', 'context': [<snowplow_tracker.self_describing_json.SelfDescribingJson object at 0x1054ba750>]}
[0m16:12:34.387889 [debug] [MainThread]: Wrote artifact WritableManifest to /Users/anahiruiz/Documents/GitHub/trafficlens-data-lake/core/dbt_project/target/manifest.json
[0m16:12:34.388770 [debug] [MainThread]: Wrote artifact SemanticManifest to /Users/anahiruiz/Documents/GitHub/trafficlens-data-lake/core/dbt_project/target/semantic_manifest.json
[0m16:12:34.393786 [debug] [MainThread]: Sending event: {'category': 'dbt', 'action': 'resource_counts', 'label': '0860816b-0820-4e00-b894-e731ca1b4892', 'context': [<snowplow_tracker.self_describing_json.SelfDescribingJson object at 0x105517c50>]}
[0m16:12:34.393985 [info ] [MainThread]: Found 1 model, 1 source, 472 macros
[0m16:12:34.394110 [debug] [MainThread]: Sending event: {'category': 'dbt', 'action': 'runnable_timing', 'label': '0860816b-0820-4e00-b894-e731ca1b4892', 'context': [<snowplow_tracker.self_describing_json.SelfDescribingJson object at 0x1059f7070>]}
[0m16:12:34.394769 [info ] [MainThread]: 
[0m16:12:34.395017 [info ] [MainThread]: Concurrency: 1 threads (target='dev')
[0m16:12:34.395151 [info ] [MainThread]: 
[0m16:12:34.395381 [debug] [MainThread]: Acquiring new duckdb connection 'master'
[0m16:12:34.395731 [debug] [ThreadPool]: Acquiring new duckdb connection 'list_trafficlens'
[0m16:12:34.415532 [debug] [ThreadPool]: Using duckdb connection "list_trafficlens"
[0m16:12:34.415717 [debug] [ThreadPool]: On list_trafficlens: /* {"app": "dbt", "dbt_version": "1.11.4", "profile_name": "trafficlens_profile", "target_name": "dev", "connection_name": "list_trafficlens"} */

    
    select schema_name
    from system.information_schema.schemata
    
    where lower(catalog_name) = '"trafficlens"'
    
  
  
[0m16:12:34.415827 [debug] [ThreadPool]: Opening a new connection, currently in state init
[0m16:12:34.421415 [debug] [ThreadPool]: SQL status: OK in 0.006 seconds
[0m16:12:34.421937 [debug] [ThreadPool]: On list_trafficlens: Close
[0m16:12:34.422188 [debug] [ThreadPool]: Re-using an available connection from the pool (formerly list_trafficlens, now create_trafficlens_main)
[0m16:12:34.422344 [debug] [ThreadPool]: Creating schema "database: "trafficlens"
schema: "main"
"
[0m16:12:34.424475 [debug] [ThreadPool]: Using duckdb connection "create_trafficlens_main"
[0m16:12:34.424579 [debug] [ThreadPool]: On create_trafficlens_main: /* {"app": "dbt", "dbt_version": "1.11.4", "profile_name": "trafficlens_profile", "target_name": "dev", "connection_name": "create_trafficlens_main"} */

    
        select type from duckdb_databases()
        where lower(database_name)='trafficlens'
        and type='sqlite'
    
  
[0m16:12:34.424664 [debug] [ThreadPool]: Opening a new connection, currently in state closed
[0m16:12:34.424957 [debug] [ThreadPool]: SQL status: OK in 0.000 seconds
[0m16:12:34.425327 [debug] [ThreadPool]: Using duckdb connection "create_trafficlens_main"
[0m16:12:34.425409 [debug] [ThreadPool]: On create_trafficlens_main: BEGIN
[0m16:12:34.425550 [debug] [ThreadPool]: SQL status: OK in 0.000 seconds
[0m16:12:34.425626 [debug] [ThreadPool]: Using duckdb connection "create_trafficlens_main"
[0m16:12:34.425700 [debug] [ThreadPool]: On create_trafficlens_main: /* {"app": "dbt", "dbt_version": "1.11.4", "profile_name": "trafficlens_profile", "target_name": "dev", "connection_name": "create_trafficlens_main"} */

    
    
        create schema if not exists "trafficlens"."main"
    
[0m16:12:34.425849 [debug] [ThreadPool]: SQL status: OK in 0.000 seconds
[0m16:12:34.426080 [debug] [ThreadPool]: On create_trafficlens_main: COMMIT
[0m16:12:34.426168 [debug] [ThreadPool]: Using duckdb connection "create_trafficlens_main"
[0m16:12:34.426244 [debug] [ThreadPool]: On create_trafficlens_main: COMMIT
[0m16:12:34.426374 [debug] [ThreadPool]: SQL status: OK in 0.000 seconds
[0m16:12:34.426456 [debug] [ThreadPool]: On create_trafficlens_main: Close
[0m16:12:34.426810 [debug] [ThreadPool]: Re-using an available connection from the pool (formerly create_trafficlens_main, now list_trafficlens_main)
[0m16:12:34.428672 [debug] [ThreadPool]: Using duckdb connection "list_trafficlens_main"
[0m16:12:34.428803 [debug] [ThreadPool]: On list_trafficlens_main: BEGIN
[0m16:12:34.430537 [debug] [ThreadPool]: Opening a new connection, currently in state closed
[0m16:12:34.430773 [debug] [ThreadPool]: SQL status: OK in 0.000 seconds
[0m16:12:34.430856 [debug] [ThreadPool]: Using duckdb connection "list_trafficlens_main"
[0m16:12:34.430940 [debug] [ThreadPool]: On list_trafficlens_main: /* {"app": "dbt", "dbt_version": "1.11.4", "profile_name": "trafficlens_profile", "target_name": "dev", "connection_name": "list_trafficlens_main"} */
select
      'trafficlens' as database,
      table_name as name,
      table_schema as schema,
      CASE table_type
        WHEN 'BASE TABLE' THEN 'table'
        WHEN 'VIEW' THEN 'view'
        WHEN 'LOCAL TEMPORARY' THEN 'table'
        END as type
    from system.information_schema.tables
    where lower(table_schema) = 'main'
    and lower(table_catalog) = 'trafficlens'
  
[0m16:12:34.435867 [debug] [ThreadPool]: SQL status: OK in 0.005 seconds
[0m16:12:34.436349 [debug] [ThreadPool]: On list_trafficlens_main: ROLLBACK
[0m16:12:34.436916 [debug] [ThreadPool]: Failed to rollback 'list_trafficlens_main'
[0m16:12:34.437035 [debug] [ThreadPool]: On list_trafficlens_main: Close
[0m16:12:34.437275 [debug] [MainThread]: Sending event: {'category': 'dbt', 'action': 'runnable_timing', 'label': '0860816b-0820-4e00-b894-e731ca1b4892', 'context': [<snowplow_tracker.self_describing_json.SelfDescribingJson object at 0x105d17450>]}
[0m16:12:34.437442 [debug] [MainThread]: Using duckdb connection "master"
[0m16:12:34.437524 [debug] [MainThread]: On master: BEGIN
[0m16:12:34.437603 [debug] [MainThread]: Opening a new connection, currently in state init
[0m16:12:34.437788 [debug] [MainThread]: SQL status: OK in 0.000 seconds
[0m16:12:34.437871 [debug] [MainThread]: On master: COMMIT
[0m16:12:34.437952 [debug] [MainThread]: Using duckdb connection "master"
[0m16:12:34.438024 [debug] [MainThread]: On master: COMMIT
[0m16:12:34.438193 [debug] [MainThread]: SQL status: OK in 0.000 seconds
[0m16:12:34.438330 [debug] [MainThread]: On master: Close
[0m16:12:34.439110 [debug] [Thread-1 (]: Began running node model.trafficlens_dbt.stg_telemetry
[0m16:12:34.439287 [info ] [Thread-1 (]: 1 of 1 START sql external model main.stg_telemetry ............................. [RUN]
[0m16:12:34.439451 [debug] [Thread-1 (]: Re-using an available connection from the pool (formerly list_trafficlens_main, now model.trafficlens_dbt.stg_telemetry)
[0m16:12:34.439569 [debug] [Thread-1 (]: Began compiling node model.trafficlens_dbt.stg_telemetry
[0m16:12:34.442026 [debug] [Thread-1 (]: Writing injected SQL for node "model.trafficlens_dbt.stg_telemetry"
[0m16:12:34.442301 [debug] [Thread-1 (]: Began executing node model.trafficlens_dbt.stg_telemetry
[0m16:12:34.492126 [debug] [Thread-1 (]: Using duckdb connection "model.trafficlens_dbt.stg_telemetry"
[0m16:12:34.492323 [debug] [Thread-1 (]: On model.trafficlens_dbt.stg_telemetry: BEGIN
[0m16:12:34.492426 [debug] [Thread-1 (]: Opening a new connection, currently in state closed
[0m16:12:34.492709 [debug] [Thread-1 (]: SQL status: OK in 0.000 seconds
[0m16:12:34.492809 [debug] [Thread-1 (]: Using duckdb connection "model.trafficlens_dbt.stg_telemetry"
[0m16:12:34.492915 [debug] [Thread-1 (]: On model.trafficlens_dbt.stg_telemetry: /* {"app": "dbt", "dbt_version": "1.11.4", "profile_name": "trafficlens_profile", "target_name": "dev", "node_id": "model.trafficlens_dbt.stg_telemetry"} */

  
    
    

    create  table
      "trafficlens"."main"."stg_telemetry__dbt_tmp"
  
    as (
      

/*
    Silver Layer: Cleaned Telemetry
    - cast timestamps
    - remove null coordinates
    - add partitions (virtual)
*/

WITH source_data AS (
    SELECT * FROM read_csv_auto('/Users/anahiruiz/Documents/GitHub/trafficlens-data-lake/datalake/bronze/telemetry/*.csv')
),

cleaned AS (
    SELECT
        -- Parse Timestamp (handling possible formats if CSV varies, but we assume ISO from viofo_ocr.py)
        TRY_CAST(timestamp AS TIMESTAMP) as event_time,
        
        -- Geolocation
        CAST(latitude AS DOUBLE) as latitude,
        CAST(longitude AS DOUBLE) as longitude,
        
        -- Speed
        CAST(speed_kmh AS DOUBLE) as speed_kmh,
        
        -- Metadata
        raw_text,
        frame_filename
        
    FROM source_data
    WHERE latitude IS NOT NULL 
      AND longitude IS NOT NULL
)

SELECT * FROM cleaned
    );
  
  
[0m16:12:34.496084 [debug] [Thread-1 (]: SQL status: OK in 0.003 seconds
[0m16:12:34.496527 [debug] [Thread-1 (]: Using duckdb connection "model.trafficlens_dbt.stg_telemetry"
[0m16:12:34.496657 [debug] [Thread-1 (]: On model.trafficlens_dbt.stg_telemetry: /* {"app": "dbt", "dbt_version": "1.11.4", "profile_name": "trafficlens_profile", "target_name": "dev", "node_id": "model.trafficlens_dbt.stg_telemetry"} */

    select count(*) as row_count from "trafficlens"."main"."stg_telemetry__dbt_tmp"
  
[0m16:12:34.496932 [debug] [Thread-1 (]: SQL status: OK in 0.000 seconds
[0m16:12:34.497379 [debug] [Thread-1 (]: Writing runtime sql for node "model.trafficlens_dbt.stg_telemetry"
[0m16:12:34.497638 [debug] [Thread-1 (]: Using duckdb connection "model.trafficlens_dbt.stg_telemetry"
[0m16:12:34.497740 [debug] [Thread-1 (]: On model.trafficlens_dbt.stg_telemetry: /* {"app": "dbt", "dbt_version": "1.11.4", "profile_name": "trafficlens_profile", "target_name": "dev", "node_id": "model.trafficlens_dbt.stg_telemetry"} */

[0m16:12:34.497852 [debug] [Thread-1 (]: SQL status: OK in 0.000 seconds
[0m16:12:34.498680 [debug] [Thread-1 (]: Using duckdb connection "model.trafficlens_dbt.stg_telemetry"
[0m16:12:34.498794 [debug] [Thread-1 (]: On model.trafficlens_dbt.stg_telemetry: /* {"app": "dbt", "dbt_version": "1.11.4", "profile_name": "trafficlens_profile", "target_name": "dev", "node_id": "model.trafficlens_dbt.stg_telemetry"} */
copy "trafficlens"."main"."stg_telemetry__dbt_tmp" to '../../../datalake/silver/telemetry.parquet' (format parquet)
[0m16:12:34.499233 [debug] [Thread-1 (]: DuckDB adapter: Error running SQL: /* {"app": "dbt", "dbt_version": "1.11.4", "profile_name": "trafficlens_profile", "target_name": "dev", "node_id": "model.trafficlens_dbt.stg_telemetry"} */
copy "trafficlens"."main"."stg_telemetry__dbt_tmp" to '../../../datalake/silver/telemetry.parquet' (format parquet)
[0m16:12:34.499337 [debug] [Thread-1 (]: DuckDB adapter: Rolling back transaction.
[0m16:12:34.499492 [debug] [Thread-1 (]: On model.trafficlens_dbt.stg_telemetry: ROLLBACK
[0m16:12:34.501798 [debug] [Thread-1 (]: Failed to rollback 'model.trafficlens_dbt.stg_telemetry'
[0m16:12:34.501924 [debug] [Thread-1 (]: On model.trafficlens_dbt.stg_telemetry: Close
[0m16:12:34.503671 [debug] [Thread-1 (]: Runtime Error in model stg_telemetry (models/silver/stg_telemetry.sql)
  IO Error: Cannot open file "../../../datalake/silver/telemetry.parquet": No such file or directory
[0m16:12:34.504358 [debug] [Thread-1 (]: Sending event: {'category': 'dbt', 'action': 'run_model', 'label': '0860816b-0820-4e00-b894-e731ca1b4892', 'context': [<snowplow_tracker.self_describing_json.SelfDescribingJson object at 0x105ec1250>]}
[0m16:12:34.504616 [error] [Thread-1 (]: 1 of 1 ERROR creating sql external model main.stg_telemetry .................... [[31mERROR[0m in 0.06s]
[0m16:12:34.504835 [debug] [Thread-1 (]: Finished running node model.trafficlens_dbt.stg_telemetry
[0m16:12:34.505020 [debug] [Thread-4 (]: Marking all children of 'model.trafficlens_dbt.stg_telemetry' to be skipped because of status 'error'.  Reason: Runtime Error in model stg_telemetry (models/silver/stg_telemetry.sql)
  IO Error: Cannot open file "../../../datalake/silver/telemetry.parquet": No such file or directory.
[0m16:12:34.505708 [debug] [MainThread]: Using duckdb connection "master"
[0m16:12:34.505807 [debug] [MainThread]: On master: BEGIN
[0m16:12:34.505887 [debug] [MainThread]: Opening a new connection, currently in state closed
[0m16:12:34.506070 [debug] [MainThread]: SQL status: OK in 0.000 seconds
[0m16:12:34.506149 [debug] [MainThread]: On master: COMMIT
[0m16:12:34.506224 [debug] [MainThread]: Using duckdb connection "master"
[0m16:12:34.506295 [debug] [MainThread]: On master: COMMIT
[0m16:12:34.506434 [debug] [MainThread]: SQL status: OK in 0.000 seconds
[0m16:12:34.506515 [debug] [MainThread]: On master: Close
[0m16:12:34.506616 [debug] [MainThread]: Connection 'master' was properly closed.
[0m16:12:34.506690 [debug] [MainThread]: Connection 'model.trafficlens_dbt.stg_telemetry' was properly closed.
[0m16:12:34.506775 [info ] [MainThread]: 
[0m16:12:34.506873 [info ] [MainThread]: Finished running 1 external model in 0 hours 0 minutes and 0.11 seconds (0.11s).
[0m16:12:34.507094 [debug] [MainThread]: Command end result
[0m16:12:34.513456 [debug] [MainThread]: Wrote artifact WritableManifest to /Users/anahiruiz/Documents/GitHub/trafficlens-data-lake/core/dbt_project/target/manifest.json
[0m16:12:34.514192 [debug] [MainThread]: Wrote artifact SemanticManifest to /Users/anahiruiz/Documents/GitHub/trafficlens-data-lake/core/dbt_project/target/semantic_manifest.json
[0m16:12:34.516040 [debug] [MainThread]: Wrote artifact RunExecutionResult to /Users/anahiruiz/Documents/GitHub/trafficlens-data-lake/core/dbt_project/target/run_results.json
[0m16:12:34.516148 [info ] [MainThread]: 
[0m16:12:34.516300 [info ] [MainThread]: [31mCompleted with 1 error, 0 partial successes, and 0 warnings:[0m
[0m16:12:34.516426 [info ] [MainThread]: 
[0m16:12:34.516566 [error] [MainThread]: [31mFailure in model stg_telemetry (models/silver/stg_telemetry.sql)[0m
[0m16:12:34.516695 [error] [MainThread]:   Runtime Error in model stg_telemetry (models/silver/stg_telemetry.sql)
  IO Error: Cannot open file "../../../datalake/silver/telemetry.parquet": No such file or directory
[0m16:12:34.516782 [info ] [MainThread]: 
[0m16:12:34.516907 [info ] [MainThread]:   compiled code at target/compiled/trafficlens_dbt/models/silver/stg_telemetry.sql
[0m16:12:34.517015 [info ] [MainThread]: 
[0m16:12:34.517138 [info ] [MainThread]: Done. PASS=0 WARN=0 ERROR=1 SKIP=0 NO-OP=0 TOTAL=1
[0m16:12:34.518325 [debug] [MainThread]: Resource report: {"command_name": "run", "command_success": false, "command_wall_clock_time": 0.36051857, "process_in_blocks": "0", "process_kernel_time": 0.132256, "process_mem_max_rss": "159694848", "process_out_blocks": "0", "process_user_time": 0.747024}
[0m16:12:34.518545 [debug] [MainThread]: Command `dbt run` failed at 16:12:34.518505 after 0.36 seconds
[0m16:12:34.518709 [debug] [MainThread]: Sending event: {'category': 'dbt', 'action': 'invocation', 'label': 'end', 'context': [<snowplow_tracker.self_describing_json.SelfDescribingJson object at 0x105a6d440>, <snowplow_tracker.self_describing_json.SelfDescribingJson object at 0x105ef7cf0>, <snowplow_tracker.self_describing_json.SelfDescribingJson object at 0x105ef7e30>]}
[0m16:12:34.518846 [debug] [MainThread]: Flushing usage events
[0m16:12:34.946291 [debug] [MainThread]: An error was encountered while trying to flush usage events
[0m16:13:15.973904 [debug] [MainThread]: Sending event: {'category': 'dbt', 'action': 'invocation', 'label': 'start', 'context': [<snowplow_tracker.self_describing_json.SelfDescribingJson object at 0x10649f230>, <snowplow_tracker.self_describing_json.SelfDescribingJson object at 0x1109cbd90>, <snowplow_tracker.self_describing_json.SelfDescribingJson object at 0x1109cbed0>]}


============================== 16:13:15.975893 | c34b28d2-629f-4f8b-a0bf-7ed2d160fa8f ==============================
[0m16:13:15.975893 [info ] [MainThread]: Running with dbt=1.11.4
[0m16:13:15.976146 [debug] [MainThread]: running dbt with arguments {'quiet': 'False', 'debug': 'False', 'static_parser': 'True', 'no_print': 'None', 'write_json': 'True', 'cache_selected_only': 'False', 'version_check': 'True', 'send_anonymous_usage_stats': 'True', 'indirect_selection': 'eager', 'introspect': 'True', 'fail_fast': 'False', 'warn_error': 'None', 'log_path': '/Users/anahiruiz/Documents/GitHub/trafficlens-data-lake/core/dbt_project/logs', 'log_cache_events': 'False', 'partial_parse': 'True', 'warn_error_options': 'WarnErrorOptionsV2(error=[], warn=[], silence=[])', 'log_format': 'default', 'use_experimental_parser': 'False', 'printer_width': '80', 'profiles_dir': '.', 'target_path': 'None', 'invocation_command': 'dbt run --profiles-dir .', 'use_colors': 'True', 'empty': 'False'}
[0m16:13:16.051373 [debug] [MainThread]: Sending event: {'category': 'dbt', 'action': 'project_id', 'label': 'c34b28d2-629f-4f8b-a0bf-7ed2d160fa8f', 'context': [<snowplow_tracker.self_describing_json.SelfDescribingJson object at 0x1078c76f0>]}
[0m16:13:16.073110 [debug] [MainThread]: Sending event: {'category': 'dbt', 'action': 'adapter_info', 'label': 'c34b28d2-629f-4f8b-a0bf-7ed2d160fa8f', 'context': [<snowplow_tracker.self_describing_json.SelfDescribingJson object at 0x110afe140>]}
[0m16:13:16.073985 [info ] [MainThread]: Registered adapter: duckdb=1.10.0
[0m16:13:16.105818 [debug] [MainThread]: checksum: 092b177ba87eb6bb3c55954c38aa57900eebac336561eb9ee32218428aa81d43, vars: {}, profile: , target: , version: 1.11.4
[0m16:13:16.140778 [debug] [MainThread]: Partial parsing enabled: 0 files deleted, 0 files added, 0 files changed.
[0m16:13:16.140975 [debug] [MainThread]: Nothing changed, skipping partial parsing.
[0m16:13:16.141070 [debug] [MainThread]: Partial parsing enabled, no changes found, skipping parsing
[0m16:13:16.143228 [warn ] [MainThread]: [[33mWARNING[0m]: Configuration paths exist in your dbt_project.yml file which do not apply to any resources.
There are 1 unused configuration paths:
- models.trafficlens_dbt.gold
[0m16:13:16.153288 [debug] [MainThread]: Sending event: {'category': 'dbt', 'action': 'load_project', 'label': 'c34b28d2-629f-4f8b-a0bf-7ed2d160fa8f', 'context': [<snowplow_tracker.self_describing_json.SelfDescribingJson object at 0x110ada750>]}
[0m16:13:16.176894 [debug] [MainThread]: Wrote artifact WritableManifest to /Users/anahiruiz/Documents/GitHub/trafficlens-data-lake/core/dbt_project/target/manifest.json
[0m16:13:16.177751 [debug] [MainThread]: Wrote artifact SemanticManifest to /Users/anahiruiz/Documents/GitHub/trafficlens-data-lake/core/dbt_project/target/semantic_manifest.json
[0m16:13:16.183302 [debug] [MainThread]: Sending event: {'category': 'dbt', 'action': 'resource_counts', 'label': 'c34b28d2-629f-4f8b-a0bf-7ed2d160fa8f', 'context': [<snowplow_tracker.self_describing_json.SelfDescribingJson object at 0x110f37c50>]}
[0m16:13:16.183513 [info ] [MainThread]: Found 1 model, 1 source, 472 macros
[0m16:13:16.183636 [debug] [MainThread]: Sending event: {'category': 'dbt', 'action': 'runnable_timing', 'label': 'c34b28d2-629f-4f8b-a0bf-7ed2d160fa8f', 'context': [<snowplow_tracker.self_describing_json.SelfDescribingJson object at 0x112727070>]}
[0m16:13:16.184277 [info ] [MainThread]: 
[0m16:13:16.184399 [info ] [MainThread]: Concurrency: 1 threads (target='dev')
[0m16:13:16.184496 [info ] [MainThread]: 
[0m16:13:16.184692 [debug] [MainThread]: Acquiring new duckdb connection 'master'
[0m16:13:16.185003 [debug] [ThreadPool]: Acquiring new duckdb connection 'list_trafficlens'
[0m16:13:16.204688 [debug] [ThreadPool]: Using duckdb connection "list_trafficlens"
[0m16:13:16.204874 [debug] [ThreadPool]: On list_trafficlens: /* {"app": "dbt", "dbt_version": "1.11.4", "profile_name": "trafficlens_profile", "target_name": "dev", "connection_name": "list_trafficlens"} */

    
    select schema_name
    from system.information_schema.schemata
    
    where lower(catalog_name) = '"trafficlens"'
    
  
  
[0m16:13:16.204978 [debug] [ThreadPool]: Opening a new connection, currently in state init
[0m16:13:16.210596 [debug] [ThreadPool]: SQL status: OK in 0.006 seconds
[0m16:13:16.211120 [debug] [ThreadPool]: On list_trafficlens: Close
[0m16:13:16.211365 [debug] [ThreadPool]: Re-using an available connection from the pool (formerly list_trafficlens, now create_trafficlens_main)
[0m16:13:16.211515 [debug] [ThreadPool]: Creating schema "database: "trafficlens"
schema: "main"
"
[0m16:13:16.213664 [debug] [ThreadPool]: Using duckdb connection "create_trafficlens_main"
[0m16:13:16.213766 [debug] [ThreadPool]: On create_trafficlens_main: /* {"app": "dbt", "dbt_version": "1.11.4", "profile_name": "trafficlens_profile", "target_name": "dev", "connection_name": "create_trafficlens_main"} */

    
        select type from duckdb_databases()
        where lower(database_name)='trafficlens'
        and type='sqlite'
    
  
[0m16:13:16.213860 [debug] [ThreadPool]: Opening a new connection, currently in state closed
[0m16:13:16.214265 [debug] [ThreadPool]: SQL status: OK in 0.000 seconds
[0m16:13:16.214684 [debug] [ThreadPool]: Using duckdb connection "create_trafficlens_main"
[0m16:13:16.214786 [debug] [ThreadPool]: On create_trafficlens_main: BEGIN
[0m16:13:16.215069 [debug] [ThreadPool]: SQL status: OK in 0.000 seconds
[0m16:13:16.215213 [debug] [ThreadPool]: Using duckdb connection "create_trafficlens_main"
[0m16:13:16.215308 [debug] [ThreadPool]: On create_trafficlens_main: /* {"app": "dbt", "dbt_version": "1.11.4", "profile_name": "trafficlens_profile", "target_name": "dev", "connection_name": "create_trafficlens_main"} */

    
    
        create schema if not exists "trafficlens"."main"
    
[0m16:13:16.215492 [debug] [ThreadPool]: SQL status: OK in 0.000 seconds
[0m16:13:16.215766 [debug] [ThreadPool]: On create_trafficlens_main: COMMIT
[0m16:13:16.215864 [debug] [ThreadPool]: Using duckdb connection "create_trafficlens_main"
[0m16:13:16.215945 [debug] [ThreadPool]: On create_trafficlens_main: COMMIT
[0m16:13:16.216088 [debug] [ThreadPool]: SQL status: OK in 0.000 seconds
[0m16:13:16.216182 [debug] [ThreadPool]: On create_trafficlens_main: Close
[0m16:13:16.216551 [debug] [ThreadPool]: Re-using an available connection from the pool (formerly create_trafficlens_main, now list_trafficlens_main)
[0m16:13:16.218257 [debug] [ThreadPool]: Using duckdb connection "list_trafficlens_main"
[0m16:13:16.218372 [debug] [ThreadPool]: On list_trafficlens_main: BEGIN
[0m16:13:16.220038 [debug] [ThreadPool]: Opening a new connection, currently in state closed
[0m16:13:16.220260 [debug] [ThreadPool]: SQL status: OK in 0.000 seconds
[0m16:13:16.220345 [debug] [ThreadPool]: Using duckdb connection "list_trafficlens_main"
[0m16:13:16.220433 [debug] [ThreadPool]: On list_trafficlens_main: /* {"app": "dbt", "dbt_version": "1.11.4", "profile_name": "trafficlens_profile", "target_name": "dev", "connection_name": "list_trafficlens_main"} */
select
      'trafficlens' as database,
      table_name as name,
      table_schema as schema,
      CASE table_type
        WHEN 'BASE TABLE' THEN 'table'
        WHEN 'VIEW' THEN 'view'
        WHEN 'LOCAL TEMPORARY' THEN 'table'
        END as type
    from system.information_schema.tables
    where lower(table_schema) = 'main'
    and lower(table_catalog) = 'trafficlens'
  
[0m16:13:16.225383 [debug] [ThreadPool]: SQL status: OK in 0.005 seconds
[0m16:13:16.225823 [debug] [ThreadPool]: On list_trafficlens_main: ROLLBACK
[0m16:13:16.226270 [debug] [ThreadPool]: Failed to rollback 'list_trafficlens_main'
[0m16:13:16.226362 [debug] [ThreadPool]: On list_trafficlens_main: Close
[0m16:13:16.226570 [debug] [MainThread]: Sending event: {'category': 'dbt', 'action': 'runnable_timing', 'label': 'c34b28d2-629f-4f8b-a0bf-7ed2d160fa8f', 'context': [<snowplow_tracker.self_describing_json.SelfDescribingJson object at 0x112917450>]}
[0m16:13:16.226741 [debug] [MainThread]: Using duckdb connection "master"
[0m16:13:16.226830 [debug] [MainThread]: On master: BEGIN
[0m16:13:16.226913 [debug] [MainThread]: Opening a new connection, currently in state init
[0m16:13:16.227086 [debug] [MainThread]: SQL status: OK in 0.000 seconds
[0m16:13:16.227168 [debug] [MainThread]: On master: COMMIT
[0m16:13:16.227245 [debug] [MainThread]: Using duckdb connection "master"
[0m16:13:16.227316 [debug] [MainThread]: On master: COMMIT
[0m16:13:16.227445 [debug] [MainThread]: SQL status: OK in 0.000 seconds
[0m16:13:16.227530 [debug] [MainThread]: On master: Close
[0m16:13:16.228295 [debug] [Thread-1 (]: Began running node model.trafficlens_dbt.stg_telemetry
[0m16:13:16.228459 [info ] [Thread-1 (]: 1 of 1 START sql external model main.stg_telemetry ............................. [RUN]
[0m16:13:16.228625 [debug] [Thread-1 (]: Re-using an available connection from the pool (formerly list_trafficlens_main, now model.trafficlens_dbt.stg_telemetry)
[0m16:13:16.228740 [debug] [Thread-1 (]: Began compiling node model.trafficlens_dbt.stg_telemetry
[0m16:13:16.231269 [debug] [Thread-1 (]: Writing injected SQL for node "model.trafficlens_dbt.stg_telemetry"
[0m16:13:16.231649 [debug] [Thread-1 (]: Began executing node model.trafficlens_dbt.stg_telemetry
[0m16:13:16.279997 [debug] [Thread-1 (]: Using duckdb connection "model.trafficlens_dbt.stg_telemetry"
[0m16:13:16.280179 [debug] [Thread-1 (]: On model.trafficlens_dbt.stg_telemetry: BEGIN
[0m16:13:16.280279 [debug] [Thread-1 (]: Opening a new connection, currently in state closed
[0m16:13:16.280558 [debug] [Thread-1 (]: SQL status: OK in 0.000 seconds
[0m16:13:16.280670 [debug] [Thread-1 (]: Using duckdb connection "model.trafficlens_dbt.stg_telemetry"
[0m16:13:16.280788 [debug] [Thread-1 (]: On model.trafficlens_dbt.stg_telemetry: /* {"app": "dbt", "dbt_version": "1.11.4", "profile_name": "trafficlens_profile", "target_name": "dev", "node_id": "model.trafficlens_dbt.stg_telemetry"} */

  
    
    

    create  table
      "trafficlens"."main"."stg_telemetry__dbt_tmp"
  
    as (
      

/*
    Silver Layer: Cleaned Telemetry
    - cast timestamps
    - remove null coordinates
    - add partitions (virtual)
*/

WITH source_data AS (
    SELECT * FROM read_csv_auto('/Users/anahiruiz/Documents/GitHub/trafficlens-data-lake/datalake/bronze/telemetry/*.csv')
),

cleaned AS (
    SELECT
        -- Parse Timestamp (handling possible formats if CSV varies, but we assume ISO from viofo_ocr.py)
        TRY_CAST(timestamp AS TIMESTAMP) as event_time,
        
        -- Geolocation
        CAST(latitude AS DOUBLE) as latitude,
        CAST(longitude AS DOUBLE) as longitude,
        
        -- Speed
        CAST(speed_kmh AS DOUBLE) as speed_kmh,
        
        -- Metadata
        raw_text,
        frame_filename
        
    FROM source_data
    WHERE latitude IS NOT NULL 
      AND longitude IS NOT NULL
)

SELECT * FROM cleaned
    );
  
  
[0m16:13:16.283980 [debug] [Thread-1 (]: SQL status: OK in 0.003 seconds
[0m16:13:16.284392 [debug] [Thread-1 (]: Using duckdb connection "model.trafficlens_dbt.stg_telemetry"
[0m16:13:16.284500 [debug] [Thread-1 (]: On model.trafficlens_dbt.stg_telemetry: /* {"app": "dbt", "dbt_version": "1.11.4", "profile_name": "trafficlens_profile", "target_name": "dev", "node_id": "model.trafficlens_dbt.stg_telemetry"} */

    select count(*) as row_count from "trafficlens"."main"."stg_telemetry__dbt_tmp"
  
[0m16:13:16.284788 [debug] [Thread-1 (]: SQL status: OK in 0.000 seconds
[0m16:13:16.285267 [debug] [Thread-1 (]: Writing runtime sql for node "model.trafficlens_dbt.stg_telemetry"
[0m16:13:16.285486 [debug] [Thread-1 (]: Using duckdb connection "model.trafficlens_dbt.stg_telemetry"
[0m16:13:16.285587 [debug] [Thread-1 (]: On model.trafficlens_dbt.stg_telemetry: /* {"app": "dbt", "dbt_version": "1.11.4", "profile_name": "trafficlens_profile", "target_name": "dev", "node_id": "model.trafficlens_dbt.stg_telemetry"} */

[0m16:13:16.285708 [debug] [Thread-1 (]: SQL status: OK in 0.000 seconds
[0m16:13:16.286556 [debug] [Thread-1 (]: Using duckdb connection "model.trafficlens_dbt.stg_telemetry"
[0m16:13:16.286668 [debug] [Thread-1 (]: On model.trafficlens_dbt.stg_telemetry: /* {"app": "dbt", "dbt_version": "1.11.4", "profile_name": "trafficlens_profile", "target_name": "dev", "node_id": "model.trafficlens_dbt.stg_telemetry"} */
copy "trafficlens"."main"."stg_telemetry__dbt_tmp" to '../../../datalake/silver/telemetry.parquet' (format parquet)
[0m16:13:16.287145 [debug] [Thread-1 (]: DuckDB adapter: Error running SQL: /* {"app": "dbt", "dbt_version": "1.11.4", "profile_name": "trafficlens_profile", "target_name": "dev", "node_id": "model.trafficlens_dbt.stg_telemetry"} */
copy "trafficlens"."main"."stg_telemetry__dbt_tmp" to '../../../datalake/silver/telemetry.parquet' (format parquet)
[0m16:13:16.287250 [debug] [Thread-1 (]: DuckDB adapter: Rolling back transaction.
[0m16:13:16.287387 [debug] [Thread-1 (]: On model.trafficlens_dbt.stg_telemetry: ROLLBACK
[0m16:13:16.289816 [debug] [Thread-1 (]: Failed to rollback 'model.trafficlens_dbt.stg_telemetry'
[0m16:13:16.289956 [debug] [Thread-1 (]: On model.trafficlens_dbt.stg_telemetry: Close
[0m16:13:16.291539 [debug] [Thread-1 (]: Runtime Error in model stg_telemetry (models/silver/stg_telemetry.sql)
  IO Error: Cannot open file "../../../datalake/silver/telemetry.parquet": No such file or directory
[0m16:13:16.292172 [debug] [Thread-1 (]: Sending event: {'category': 'dbt', 'action': 'run_model', 'label': 'c34b28d2-629f-4f8b-a0bf-7ed2d160fa8f', 'context': [<snowplow_tracker.self_describing_json.SelfDescribingJson object at 0x112ac1250>]}
[0m16:13:16.292434 [error] [Thread-1 (]: 1 of 1 ERROR creating sql external model main.stg_telemetry .................... [[31mERROR[0m in 0.06s]
[0m16:13:16.292651 [debug] [Thread-1 (]: Finished running node model.trafficlens_dbt.stg_telemetry
[0m16:13:16.292806 [debug] [Thread-4 (]: Marking all children of 'model.trafficlens_dbt.stg_telemetry' to be skipped because of status 'error'.  Reason: Runtime Error in model stg_telemetry (models/silver/stg_telemetry.sql)
  IO Error: Cannot open file "../../../datalake/silver/telemetry.parquet": No such file or directory.
[0m16:13:16.293460 [debug] [MainThread]: Using duckdb connection "master"
[0m16:13:16.293575 [debug] [MainThread]: On master: BEGIN
[0m16:13:16.293673 [debug] [MainThread]: Opening a new connection, currently in state closed
[0m16:13:16.293896 [debug] [MainThread]: SQL status: OK in 0.000 seconds
[0m16:13:16.293991 [debug] [MainThread]: On master: COMMIT
[0m16:13:16.294070 [debug] [MainThread]: Using duckdb connection "master"
[0m16:13:16.294143 [debug] [MainThread]: On master: COMMIT
[0m16:13:16.294283 [debug] [MainThread]: SQL status: OK in 0.000 seconds
[0m16:13:16.294365 [debug] [MainThread]: On master: Close
[0m16:13:16.294469 [debug] [MainThread]: Connection 'master' was properly closed.
[0m16:13:16.294549 [debug] [MainThread]: Connection 'model.trafficlens_dbt.stg_telemetry' was properly closed.
[0m16:13:16.294638 [info ] [MainThread]: 
[0m16:13:16.294744 [info ] [MainThread]: Finished running 1 external model in 0 hours 0 minutes and 0.11 seconds (0.11s).
[0m16:13:16.294961 [debug] [MainThread]: Command end result
[0m16:13:16.301737 [debug] [MainThread]: Wrote artifact WritableManifest to /Users/anahiruiz/Documents/GitHub/trafficlens-data-lake/core/dbt_project/target/manifest.json
[0m16:13:16.302550 [debug] [MainThread]: Wrote artifact SemanticManifest to /Users/anahiruiz/Documents/GitHub/trafficlens-data-lake/core/dbt_project/target/semantic_manifest.json
[0m16:13:16.304837 [debug] [MainThread]: Wrote artifact RunExecutionResult to /Users/anahiruiz/Documents/GitHub/trafficlens-data-lake/core/dbt_project/target/run_results.json
[0m16:13:16.304975 [info ] [MainThread]: 
[0m16:13:16.305107 [info ] [MainThread]: [31mCompleted with 1 error, 0 partial successes, and 0 warnings:[0m
[0m16:13:16.305215 [info ] [MainThread]: 
[0m16:13:16.305342 [error] [MainThread]: [31mFailure in model stg_telemetry (models/silver/stg_telemetry.sql)[0m
[0m16:13:16.305463 [error] [MainThread]:   Runtime Error in model stg_telemetry (models/silver/stg_telemetry.sql)
  IO Error: Cannot open file "../../../datalake/silver/telemetry.parquet": No such file or directory
[0m16:13:16.305583 [info ] [MainThread]: 
[0m16:13:16.305739 [info ] [MainThread]:   compiled code at target/compiled/trafficlens_dbt/models/silver/stg_telemetry.sql
[0m16:13:16.305851 [info ] [MainThread]: 
[0m16:13:16.305970 [info ] [MainThread]: Done. PASS=0 WARN=0 ERROR=1 SKIP=0 NO-OP=0 TOTAL=1
[0m16:13:16.307190 [debug] [MainThread]: Resource report: {"command_name": "run", "command_success": false, "command_wall_clock_time": 0.35829028, "process_in_blocks": "0", "process_kernel_time": 0.13469, "process_mem_max_rss": "161153024", "process_out_blocks": "0", "process_user_time": 0.745472}
[0m16:13:16.307347 [debug] [MainThread]: Command `dbt run` failed at 16:13:16.307318 after 0.36 seconds
[0m16:13:16.307482 [debug] [MainThread]: Sending event: {'category': 'dbt', 'action': 'invocation', 'label': 'end', 'context': [<snowplow_tracker.self_describing_json.SelfDescribingJson object at 0x112785440>, <snowplow_tracker.self_describing_json.SelfDescribingJson object at 0x112af7cf0>, <snowplow_tracker.self_describing_json.SelfDescribingJson object at 0x112af7e30>]}
[0m16:13:16.307602 [debug] [MainThread]: Flushing usage events
[0m16:13:16.720743 [debug] [MainThread]: An error was encountered while trying to flush usage events
[0m16:14:11.551417 [debug] [MainThread]: Sending event: {'category': 'dbt', 'action': 'invocation', 'label': 'start', 'context': [<snowplow_tracker.self_describing_json.SelfDescribingJson object at 0x10479f230>, <snowplow_tracker.self_describing_json.SelfDescribingJson object at 0x106bcbd90>, <snowplow_tracker.self_describing_json.SelfDescribingJson object at 0x106bcbed0>]}


============================== 16:14:11.553339 | 503a94c1-a7d5-464a-808e-dde6e9b10f24 ==============================
[0m16:14:11.553339 [info ] [MainThread]: Running with dbt=1.11.4
[0m16:14:11.553606 [debug] [MainThread]: running dbt with arguments {'version_check': 'True', 'target_path': 'None', 'cache_selected_only': 'False', 'use_experimental_parser': 'False', 'send_anonymous_usage_stats': 'True', 'introspect': 'True', 'log_path': '/Users/anahiruiz/Documents/GitHub/trafficlens-data-lake/core/dbt_project/logs', 'use_colors': 'True', 'printer_width': '80', 'indirect_selection': 'eager', 'fail_fast': 'False', 'log_cache_events': 'False', 'log_format': 'default', 'empty': 'False', 'warn_error': 'None', 'profiles_dir': '.', 'quiet': 'False', 'static_parser': 'True', 'no_print': 'None', 'partial_parse': 'True', 'invocation_command': 'dbt run --profiles-dir .', 'debug': 'False', 'warn_error_options': 'WarnErrorOptionsV2(error=[], warn=[], silence=[])', 'write_json': 'True'}
[0m16:14:11.630018 [debug] [MainThread]: Sending event: {'category': 'dbt', 'action': 'project_id', 'label': '503a94c1-a7d5-464a-808e-dde6e9b10f24', 'context': [<snowplow_tracker.self_describing_json.SelfDescribingJson object at 0x1051c76f0>]}
[0m16:14:11.652955 [debug] [MainThread]: Sending event: {'category': 'dbt', 'action': 'adapter_info', 'label': '503a94c1-a7d5-464a-808e-dde6e9b10f24', 'context': [<snowplow_tracker.self_describing_json.SelfDescribingJson object at 0x106cfe140>]}
[0m16:14:11.653832 [info ] [MainThread]: Registered adapter: duckdb=1.10.0
[0m16:14:11.686795 [debug] [MainThread]: checksum: 092b177ba87eb6bb3c55954c38aa57900eebac336561eb9ee32218428aa81d43, vars: {}, profile: , target: , version: 1.11.4
[0m16:14:11.723352 [debug] [MainThread]: Partial parsing enabled: 0 files deleted, 0 files added, 1 files changed.
[0m16:14:11.723659 [debug] [MainThread]: Partial parsing: updated file: trafficlens_dbt://models/silver/stg_telemetry.sql
[0m16:14:11.838244 [warn ] [MainThread]: [[33mWARNING[0m]: Configuration paths exist in your dbt_project.yml file which do not apply to any resources.
There are 1 unused configuration paths:
- models.trafficlens_dbt.gold
[0m16:14:11.843174 [debug] [MainThread]: Sending event: {'category': 'dbt', 'action': 'load_project', 'label': '503a94c1-a7d5-464a-808e-dde6e9b10f24', 'context': [<snowplow_tracker.self_describing_json.SelfDescribingJson object at 0x106cda750>]}
[0m16:14:11.894807 [debug] [MainThread]: Wrote artifact WritableManifest to /Users/anahiruiz/Documents/GitHub/trafficlens-data-lake/core/dbt_project/target/manifest.json
[0m16:14:11.895592 [debug] [MainThread]: Wrote artifact SemanticManifest to /Users/anahiruiz/Documents/GitHub/trafficlens-data-lake/core/dbt_project/target/semantic_manifest.json
[0m16:14:11.900883 [debug] [MainThread]: Sending event: {'category': 'dbt', 'action': 'resource_counts', 'label': '503a94c1-a7d5-464a-808e-dde6e9b10f24', 'context': [<snowplow_tracker.self_describing_json.SelfDescribingJson object at 0x106e33c50>]}
[0m16:14:11.901096 [info ] [MainThread]: Found 1 model, 1 source, 472 macros
[0m16:14:11.901232 [debug] [MainThread]: Sending event: {'category': 'dbt', 'action': 'runnable_timing', 'label': '503a94c1-a7d5-464a-808e-dde6e9b10f24', 'context': [<snowplow_tracker.self_describing_json.SelfDescribingJson object at 0x106f027b0>]}
[0m16:14:11.901856 [info ] [MainThread]: 
[0m16:14:11.901979 [info ] [MainThread]: Concurrency: 1 threads (target='dev')
[0m16:14:11.902073 [info ] [MainThread]: 
[0m16:14:11.902254 [debug] [MainThread]: Acquiring new duckdb connection 'master'
[0m16:14:11.902598 [debug] [ThreadPool]: Acquiring new duckdb connection 'list_trafficlens'
[0m16:14:11.921841 [debug] [ThreadPool]: Using duckdb connection "list_trafficlens"
[0m16:14:11.922028 [debug] [ThreadPool]: On list_trafficlens: /* {"app": "dbt", "dbt_version": "1.11.4", "profile_name": "trafficlens_profile", "target_name": "dev", "connection_name": "list_trafficlens"} */

    
    select schema_name
    from system.information_schema.schemata
    
    where lower(catalog_name) = '"trafficlens"'
    
  
  
[0m16:14:11.922141 [debug] [ThreadPool]: Opening a new connection, currently in state init
[0m16:14:11.927451 [debug] [ThreadPool]: SQL status: OK in 0.005 seconds
[0m16:14:11.927949 [debug] [ThreadPool]: On list_trafficlens: Close
[0m16:14:11.928324 [debug] [ThreadPool]: Re-using an available connection from the pool (formerly list_trafficlens, now create_trafficlens_main)
[0m16:14:11.928581 [debug] [ThreadPool]: Creating schema "database: "trafficlens"
schema: "main"
"
[0m16:14:11.930910 [debug] [ThreadPool]: Using duckdb connection "create_trafficlens_main"
[0m16:14:11.931035 [debug] [ThreadPool]: On create_trafficlens_main: /* {"app": "dbt", "dbt_version": "1.11.4", "profile_name": "trafficlens_profile", "target_name": "dev", "connection_name": "create_trafficlens_main"} */

    
        select type from duckdb_databases()
        where lower(database_name)='trafficlens'
        and type='sqlite'
    
  
[0m16:14:11.931122 [debug] [ThreadPool]: Opening a new connection, currently in state closed
[0m16:14:11.931396 [debug] [ThreadPool]: SQL status: OK in 0.000 seconds
[0m16:14:11.931774 [debug] [ThreadPool]: Using duckdb connection "create_trafficlens_main"
[0m16:14:11.931859 [debug] [ThreadPool]: On create_trafficlens_main: BEGIN
[0m16:14:11.931990 [debug] [ThreadPool]: SQL status: OK in 0.000 seconds
[0m16:14:11.932063 [debug] [ThreadPool]: Using duckdb connection "create_trafficlens_main"
[0m16:14:11.932142 [debug] [ThreadPool]: On create_trafficlens_main: /* {"app": "dbt", "dbt_version": "1.11.4", "profile_name": "trafficlens_profile", "target_name": "dev", "connection_name": "create_trafficlens_main"} */

    
    
        create schema if not exists "trafficlens"."main"
    
[0m16:14:11.932291 [debug] [ThreadPool]: SQL status: OK in 0.000 seconds
[0m16:14:11.932522 [debug] [ThreadPool]: On create_trafficlens_main: COMMIT
[0m16:14:11.932610 [debug] [ThreadPool]: Using duckdb connection "create_trafficlens_main"
[0m16:14:11.932686 [debug] [ThreadPool]: On create_trafficlens_main: COMMIT
[0m16:14:11.932810 [debug] [ThreadPool]: SQL status: OK in 0.000 seconds
[0m16:14:11.932889 [debug] [ThreadPool]: On create_trafficlens_main: Close
[0m16:14:11.933301 [debug] [ThreadPool]: Re-using an available connection from the pool (formerly create_trafficlens_main, now list_trafficlens_main)
[0m16:14:11.935268 [debug] [ThreadPool]: Using duckdb connection "list_trafficlens_main"
[0m16:14:11.935386 [debug] [ThreadPool]: On list_trafficlens_main: BEGIN
[0m16:14:11.935471 [debug] [ThreadPool]: Opening a new connection, currently in state closed
[0m16:14:11.935703 [debug] [ThreadPool]: SQL status: OK in 0.000 seconds
[0m16:14:11.935783 [debug] [ThreadPool]: Using duckdb connection "list_trafficlens_main"
[0m16:14:11.935866 [debug] [ThreadPool]: On list_trafficlens_main: /* {"app": "dbt", "dbt_version": "1.11.4", "profile_name": "trafficlens_profile", "target_name": "dev", "connection_name": "list_trafficlens_main"} */
select
      'trafficlens' as database,
      table_name as name,
      table_schema as schema,
      CASE table_type
        WHEN 'BASE TABLE' THEN 'table'
        WHEN 'VIEW' THEN 'view'
        WHEN 'LOCAL TEMPORARY' THEN 'table'
        END as type
    from system.information_schema.tables
    where lower(table_schema) = 'main'
    and lower(table_catalog) = 'trafficlens'
  
[0m16:14:11.940727 [debug] [ThreadPool]: SQL status: OK in 0.005 seconds
[0m16:14:11.941164 [debug] [ThreadPool]: On list_trafficlens_main: ROLLBACK
[0m16:14:11.941548 [debug] [ThreadPool]: Failed to rollback 'list_trafficlens_main'
[0m16:14:11.941645 [debug] [ThreadPool]: On list_trafficlens_main: Close
[0m16:14:11.941957 [debug] [MainThread]: Sending event: {'category': 'dbt', 'action': 'runnable_timing', 'label': '503a94c1-a7d5-464a-808e-dde6e9b10f24', 'context': [<snowplow_tracker.self_describing_json.SelfDescribingJson object at 0x107bdf930>]}
[0m16:14:11.942196 [debug] [MainThread]: Using duckdb connection "master"
[0m16:14:11.942301 [debug] [MainThread]: On master: BEGIN
[0m16:14:11.942391 [debug] [MainThread]: Opening a new connection, currently in state init
[0m16:14:11.942643 [debug] [MainThread]: SQL status: OK in 0.000 seconds
[0m16:14:11.942768 [debug] [MainThread]: On master: COMMIT
[0m16:14:11.942873 [debug] [MainThread]: Using duckdb connection "master"
[0m16:14:11.942972 [debug] [MainThread]: On master: COMMIT
[0m16:14:11.943113 [debug] [MainThread]: SQL status: OK in 0.000 seconds
[0m16:14:11.943198 [debug] [MainThread]: On master: Close
[0m16:14:11.944019 [debug] [Thread-1 (]: Began running node model.trafficlens_dbt.stg_telemetry
[0m16:14:11.944217 [info ] [Thread-1 (]: 1 of 1 START sql external model main.stg_telemetry ............................. [RUN]
[0m16:14:11.944376 [debug] [Thread-1 (]: Re-using an available connection from the pool (formerly list_trafficlens_main, now model.trafficlens_dbt.stg_telemetry)
[0m16:14:11.944497 [debug] [Thread-1 (]: Began compiling node model.trafficlens_dbt.stg_telemetry
[0m16:14:11.947451 [debug] [Thread-1 (]: Writing injected SQL for node "model.trafficlens_dbt.stg_telemetry"
[0m16:14:11.947765 [debug] [Thread-1 (]: Began executing node model.trafficlens_dbt.stg_telemetry
[0m16:14:11.968211 [debug] [Thread-1 (]: Using duckdb connection "model.trafficlens_dbt.stg_telemetry"
[0m16:14:11.968437 [debug] [Thread-1 (]: On model.trafficlens_dbt.stg_telemetry: BEGIN
[0m16:14:11.968555 [debug] [Thread-1 (]: Opening a new connection, currently in state closed
[0m16:14:11.968860 [debug] [Thread-1 (]: SQL status: OK in 0.000 seconds
[0m16:14:11.968965 [debug] [Thread-1 (]: Using duckdb connection "model.trafficlens_dbt.stg_telemetry"
[0m16:14:11.969075 [debug] [Thread-1 (]: On model.trafficlens_dbt.stg_telemetry: /* {"app": "dbt", "dbt_version": "1.11.4", "profile_name": "trafficlens_profile", "target_name": "dev", "node_id": "model.trafficlens_dbt.stg_telemetry"} */

  
    
    

    create  table
      "trafficlens"."main"."stg_telemetry__dbt_tmp"
  
    as (
      

/*
    Silver Layer: Cleaned Telemetry
    - cast timestamps
    - remove null coordinates
    - add partitions (virtual)
*/

WITH source_data AS (
    SELECT * FROM read_csv_auto('/Users/anahiruiz/Documents/GitHub/trafficlens-data-lake/datalake/bronze/telemetry/*.csv')
),

cleaned AS (
    SELECT
        -- Parse Timestamp (handling possible formats if CSV varies, but we assume ISO from viofo_ocr.py)
        TRY_CAST(timestamp AS TIMESTAMP) as event_time,
        
        -- Geolocation
        CAST(latitude AS DOUBLE) as latitude,
        CAST(longitude AS DOUBLE) as longitude,
        
        -- Speed
        CAST(speed_kmh AS DOUBLE) as speed_kmh,
        
        -- Metadata
        raw_text,
        frame_filename
        
    FROM source_data
    WHERE latitude IS NOT NULL 
      AND longitude IS NOT NULL
)

SELECT * FROM cleaned
    );
  
  
[0m16:14:11.972560 [debug] [Thread-1 (]: SQL status: OK in 0.003 seconds
[0m16:14:11.972956 [debug] [Thread-1 (]: Using duckdb connection "model.trafficlens_dbt.stg_telemetry"
[0m16:14:11.973065 [debug] [Thread-1 (]: On model.trafficlens_dbt.stg_telemetry: /* {"app": "dbt", "dbt_version": "1.11.4", "profile_name": "trafficlens_profile", "target_name": "dev", "node_id": "model.trafficlens_dbt.stg_telemetry"} */

    select count(*) as row_count from "trafficlens"."main"."stg_telemetry__dbt_tmp"
  
[0m16:14:11.973421 [debug] [Thread-1 (]: SQL status: OK in 0.000 seconds
[0m16:14:11.974023 [debug] [Thread-1 (]: Writing runtime sql for node "model.trafficlens_dbt.stg_telemetry"
[0m16:14:11.974264 [debug] [Thread-1 (]: Using duckdb connection "model.trafficlens_dbt.stg_telemetry"
[0m16:14:11.974386 [debug] [Thread-1 (]: On model.trafficlens_dbt.stg_telemetry: /* {"app": "dbt", "dbt_version": "1.11.4", "profile_name": "trafficlens_profile", "target_name": "dev", "node_id": "model.trafficlens_dbt.stg_telemetry"} */

[0m16:14:11.974531 [debug] [Thread-1 (]: SQL status: OK in 0.000 seconds
[0m16:14:11.975615 [debug] [Thread-1 (]: Using duckdb connection "model.trafficlens_dbt.stg_telemetry"
[0m16:14:11.975734 [debug] [Thread-1 (]: On model.trafficlens_dbt.stg_telemetry: /* {"app": "dbt", "dbt_version": "1.11.4", "profile_name": "trafficlens_profile", "target_name": "dev", "node_id": "model.trafficlens_dbt.stg_telemetry"} */
copy "trafficlens"."main"."stg_telemetry__dbt_tmp" to '/Users/anahiruiz/Documents/GitHub/trafficlens-data-lake/datalake/silver/telemetry.parquet' (format parquet)
[0m16:14:11.976597 [debug] [Thread-1 (]: SQL status: OK in 0.001 seconds
[0m16:14:11.976890 [debug] [Thread-1 (]: Writing runtime sql for node "model.trafficlens_dbt.stg_telemetry"
[0m16:14:11.977083 [debug] [Thread-1 (]: Using duckdb connection "model.trafficlens_dbt.stg_telemetry"
[0m16:14:11.977182 [debug] [Thread-1 (]: On model.trafficlens_dbt.stg_telemetry: /* {"app": "dbt", "dbt_version": "1.11.4", "profile_name": "trafficlens_profile", "target_name": "dev", "node_id": "model.trafficlens_dbt.stg_telemetry"} */

      create or replace view "trafficlens"."main"."stg_telemetry__dbt_int" as (
        select * from read_parquet('/Users/anahiruiz/Documents/GitHub/trafficlens-data-lake/datalake/silver/telemetry.parquet', union_by_name=False)
        -- if relation is empty, filter by all columns having null values
        
      );
    
[0m16:14:11.977508 [debug] [Thread-1 (]: SQL status: OK in 0.000 seconds
[0m16:14:11.979500 [debug] [Thread-1 (]: Using duckdb connection "model.trafficlens_dbt.stg_telemetry"
[0m16:14:11.979623 [debug] [Thread-1 (]: On model.trafficlens_dbt.stg_telemetry: /* {"app": "dbt", "dbt_version": "1.11.4", "profile_name": "trafficlens_profile", "target_name": "dev", "node_id": "model.trafficlens_dbt.stg_telemetry"} */
alter view "trafficlens"."main"."stg_telemetry__dbt_int" rename to "stg_telemetry"
[0m16:14:11.979852 [debug] [Thread-1 (]: SQL status: OK in 0.000 seconds
[0m16:14:11.983218 [debug] [Thread-1 (]: On model.trafficlens_dbt.stg_telemetry: COMMIT
[0m16:14:11.983451 [debug] [Thread-1 (]: Using duckdb connection "model.trafficlens_dbt.stg_telemetry"
[0m16:14:11.983578 [debug] [Thread-1 (]: On model.trafficlens_dbt.stg_telemetry: COMMIT
[0m16:14:11.984307 [debug] [Thread-1 (]: SQL status: OK in 0.001 seconds
[0m16:14:11.986208 [debug] [Thread-1 (]: Using duckdb connection "model.trafficlens_dbt.stg_telemetry"
[0m16:14:11.986382 [debug] [Thread-1 (]: On model.trafficlens_dbt.stg_telemetry: /* {"app": "dbt", "dbt_version": "1.11.4", "profile_name": "trafficlens_profile", "target_name": "dev", "node_id": "model.trafficlens_dbt.stg_telemetry"} */

      drop table if exists "trafficlens"."main"."stg_telemetry__dbt_backup" cascade
    
[0m16:14:11.986671 [debug] [Thread-1 (]: SQL status: OK in 0.000 seconds
[0m16:14:11.987822 [debug] [Thread-1 (]: Using duckdb connection "model.trafficlens_dbt.stg_telemetry"
[0m16:14:11.987953 [debug] [Thread-1 (]: On model.trafficlens_dbt.stg_telemetry: /* {"app": "dbt", "dbt_version": "1.11.4", "profile_name": "trafficlens_profile", "target_name": "dev", "node_id": "model.trafficlens_dbt.stg_telemetry"} */

      drop table if exists "trafficlens"."main"."stg_telemetry__dbt_tmp" cascade
    
[0m16:14:11.988322 [debug] [Thread-1 (]: SQL status: OK in 0.000 seconds
[0m16:14:11.989264 [debug] [Thread-1 (]: On model.trafficlens_dbt.stg_telemetry: Close
[0m16:14:11.989860 [debug] [Thread-1 (]: Sending event: {'category': 'dbt', 'action': 'run_model', 'label': '503a94c1-a7d5-464a-808e-dde6e9b10f24', 'context': [<snowplow_tracker.self_describing_json.SelfDescribingJson object at 0x11211dc10>]}
[0m16:14:11.990075 [info ] [Thread-1 (]: 1 of 1 OK created sql external model main.stg_telemetry ........................ [[32mOK[0m in 0.05s]
[0m16:14:11.990251 [debug] [Thread-1 (]: Finished running node model.trafficlens_dbt.stg_telemetry
[0m16:14:11.990778 [debug] [MainThread]: Using duckdb connection "master"
[0m16:14:11.990909 [debug] [MainThread]: On master: BEGIN
[0m16:14:11.990997 [debug] [MainThread]: Opening a new connection, currently in state closed
[0m16:14:11.991212 [debug] [MainThread]: SQL status: OK in 0.000 seconds
[0m16:14:11.991305 [debug] [MainThread]: On master: COMMIT
[0m16:14:11.991395 [debug] [MainThread]: Using duckdb connection "master"
[0m16:14:11.991477 [debug] [MainThread]: On master: COMMIT
[0m16:14:11.991615 [debug] [MainThread]: SQL status: OK in 0.000 seconds
[0m16:14:11.991701 [debug] [MainThread]: On master: Close
[0m16:14:11.991826 [debug] [MainThread]: Connection 'master' was properly closed.
[0m16:14:11.991915 [debug] [MainThread]: Connection 'model.trafficlens_dbt.stg_telemetry' was properly closed.
[0m16:14:11.992004 [info ] [MainThread]: 
[0m16:14:11.992111 [info ] [MainThread]: Finished running 1 external model in 0 hours 0 minutes and 0.09 seconds (0.09s).
[0m16:14:11.992340 [debug] [MainThread]: Command end result
[0m16:14:12.000006 [debug] [MainThread]: Wrote artifact WritableManifest to /Users/anahiruiz/Documents/GitHub/trafficlens-data-lake/core/dbt_project/target/manifest.json
[0m16:14:12.000909 [debug] [MainThread]: Wrote artifact SemanticManifest to /Users/anahiruiz/Documents/GitHub/trafficlens-data-lake/core/dbt_project/target/semantic_manifest.json
[0m16:14:12.003228 [debug] [MainThread]: Wrote artifact RunExecutionResult to /Users/anahiruiz/Documents/GitHub/trafficlens-data-lake/core/dbt_project/target/run_results.json
[0m16:14:12.003366 [info ] [MainThread]: 
[0m16:14:12.003508 [info ] [MainThread]: [32mCompleted successfully[0m
[0m16:14:12.003608 [info ] [MainThread]: 
[0m16:14:12.003715 [info ] [MainThread]: Done. PASS=1 WARN=0 ERROR=0 SKIP=0 NO-OP=0 TOTAL=1
[0m16:14:12.004896 [debug] [MainThread]: Resource report: {"command_name": "run", "command_success": true, "command_wall_clock_time": 0.48077157, "process_in_blocks": "0", "process_kernel_time": 0.147645, "process_mem_max_rss": "168361984", "process_out_blocks": "0", "process_user_time": 0.841129}
[0m16:14:12.005052 [debug] [MainThread]: Command `dbt run` succeeded at 16:14:12.005021 after 0.48 seconds
[0m16:14:12.005182 [debug] [MainThread]: Sending event: {'category': 'dbt', 'action': 'invocation', 'label': 'end', 'context': [<snowplow_tracker.self_describing_json.SelfDescribingJson object at 0x107496990>, <snowplow_tracker.self_describing_json.SelfDescribingJson object at 0x106f72210>, <snowplow_tracker.self_describing_json.SelfDescribingJson object at 0x106f718b0>]}
[0m16:14:12.005424 [debug] [MainThread]: Flushing usage events
[0m16:14:12.469356 [debug] [MainThread]: An error was encountered while trying to flush usage events
